-- --------------------------------------------------------
-- Host:                         127.0.0.1
-- Server version:               11.5.2-MariaDB - mariadb.org binary distribution
-- Server OS:                    Win64
-- HeidiSQL Version:             12.6.0.6765
-- --------------------------------------------------------

/*!40101 SET @OLD_CHARACTER_SET_CLIENT = @@CHARACTER_SET_CLIENT */;
/*!40101 SET NAMES utf8 */;
/*!50503 SET NAMES utf8mb4 */;
/*!40103 SET @OLD_TIME_ZONE = @@TIME_ZONE */;
/*!40103 SET TIME_ZONE = '+00:00' */;
/*!40014 SET @OLD_FOREIGN_KEY_CHECKS = @@FOREIGN_KEY_CHECKS, FOREIGN_KEY_CHECKS = 0 */;
/*!40101 SET @OLD_SQL_MODE = @@SQL_MODE, SQL_MODE = 'NO_AUTO_VALUE_ON_ZERO' */;
/*!40111 SET @OLD_SQL_NOTES = @@SQL_NOTES, SQL_NOTES = 0 */;


-- Dumping database structure for candidate_db
CREATE DATABASE IF NOT EXISTS `candidate_db` /*!40100 DEFAULT CHARACTER SET latin1 COLLATE latin1_swedish_ci */;
USE `candidate_db`;

-- Dumping structure for table candidate_db.accounts
CREATE TABLE IF NOT EXISTS `accounts`
(
    `id`           bigint(20) NOT NULL AUTO_INCREMENT,
    `password`     varchar(255)                  DEFAULT NULL,
    `role`         enum ('CANDIDATE','EMPLOYER') DEFAULT NULL,
    `candidate_id` bigint(20)                    DEFAULT NULL,
    `company_id`   bigint(20)                    DEFAULT NULL,
    PRIMARY KEY (`id`),
    UNIQUE KEY `UK816h6c7u2v58nyhot6jow0iis` (`candidate_id`),
    UNIQUE KEY `UKdlmdujx0dp9cf2st1q28r6bqv` (`company_id`),
    CONSTRAINT `FKc4570pdoqkk8c11t0lssj8xrn` FOREIGN KEY (`candidate_id`) REFERENCES `candidate` (`id`),
    CONSTRAINT `FKqgnsd0v3la0gyituldqo2mca6` FOREIGN KEY (`company_id`) REFERENCES `company` (`id`)
) ENGINE = InnoDB
  AUTO_INCREMENT = 22
  DEFAULT CHARSET = latin1
  COLLATE = latin1_swedish_ci;


-- Dumping structure for table candidate_db.address
CREATE TABLE IF NOT EXISTS `address`
(
    `id`      bigint(20) NOT NULL AUTO_INCREMENT,
    `city`    varchar(255) CHARACTER SET utf8mb4 COLLATE utf8mb4_unicode_ci DEFAULT NULL,
    `country` varchar(255) CHARACTER SET utf8mb4 COLLATE utf8mb4_unicode_ci DEFAULT NULL,
    `number`  varchar(255)                                                  DEFAULT NULL,
    `street`  varchar(255) CHARACTER SET utf8mb4 COLLATE utf8mb4_unicode_ci DEFAULT NULL,
    `zipcode` varchar(255)                                                  DEFAULT NULL,
    PRIMARY KEY (`id`)
) ENGINE = InnoDB
  AUTO_INCREMENT = 22
  DEFAULT CHARSET = latin1
  COLLATE = latin1_swedish_ci;

-- Dumping data for table candidate_db.address: ~21 rows (approximately)


-- Dumping structure for table candidate_db.candidate
CREATE TABLE IF NOT EXISTS `candidate`
(
    `id`         bigint(20) NOT NULL AUTO_INCREMENT,
    `avatar_url` varchar(255)                                                  DEFAULT NULL,
    `dob`        date                                                          DEFAULT NULL,
    `email`      varchar(255) CHARACTER SET utf8mb4 COLLATE utf8mb4_unicode_ci DEFAULT NULL,
    `full_name`  varchar(255) CHARACTER SET utf8mb4 COLLATE utf8mb4_unicode_ci DEFAULT NULL,
    `gender`     bit(1)     NOT NULL,
    `phone`      varchar(255)                                                  DEFAULT NULL,
    `address_id` bigint(20)                                                    DEFAULT NULL,
    PRIMARY KEY (`id`),
    UNIQUE KEY `UKs9v7om164f5xwmloeu9kycahl` (`address_id`),
    CONSTRAINT `FK5q1ksqleh983c18yssyo2dn8l` FOREIGN KEY (`address_id`) REFERENCES `address` (`id`)
) ENGINE = InnoDB
  AUTO_INCREMENT = 11
  DEFAULT CHARSET = latin1
  COLLATE = latin1_swedish_ci;

DELETE
FROM `address`;
INSERT INTO `address` (`id`, `city`, `country`, `number`, `street`, `zipcode`)
VALUES (1, 'New York', 'United States', '1234', '5th Avenue', '10001'),
       (2, 'TP. Hồ Chí Minh', 'Việt Nam', '2G', 'Nguyễn Thành Ý', '2563'),
       (3, 'Washington', 'United States', '410 ', 'Terry Avenue North', '98109-5210'),
       (4, 'California', 'United States', '1 ', 'Apple Park Way', '95014'),
       (5, 'Cambridge', 'United States', '625', 'Massachusetts Ave', '02139'),
       (6, 'Hà Nội', 'Việt Nam', '10', 'Phạm Văn Bạch', '1234'),
       (7, 'Hồ Chí Minh', 'Việt Nam', '4', 'D2', '1236'),
       (8, 'Hà Nội', 'Việt Nam', '123', 'Phố Hàng Muối', '4569'),
       (9, 'Hồ Chí Minh', 'Vietnam', '302/06', 'Lê Đức Thọ', '3333'),
       (10, 'Hồ Chí Minh', 'Việt Nam', 'Lô C5-9', 'Đường N9', '1526520258'),
       (11, 'Hồ Chí Minh', 'Việt Nam', '184', 'Lê Đại Hành', '1234'),
       (12, 'Hồ Chí Minh', 'Việt Nam', '78', 'Võ Chí Công', '1478'),
       (13, 'Gia Lai', 'Việt Nam', '1235', 'Chư sê', '3333'),
       (14, 'Vĩnh Long', 'Việt Nam', '145', 'Đường Rồng', '3333'),
       (15, 'Hồ Chí Minh', 'Vietnam', '33', 'Trần Quốc Tuấn', '3333'),
       (16, 'Hồ Chí Minh', 'Vietnam', '22', 'Huỳnh Khương An', '3333'),
       (17, 'Hồ Chí Minh', 'Việt Nam', '222', 'Phan Văn Trị', '3333'),
       (18, 'Hồ Chí Minh', 'Việt Nam', '22', 'Thống Nhất', '3333'),
       (19, 'Hồ Chí Minh', 'Việt Nam', '327', 'Điện Biên Phủ', '3333'),
       (20, 'Hồ Chí Minh', 'Việt Nam', '23', 'Võ Văn Kiệt', '3333'),
       (21, 'Hồ Chí Minh', 'Việt Nam', '302/6', 'Lê Đức Thọ', '3333');

-- Dumping data for table candidate_db.candidate: ~10 rows (approximately)
DELETE
FROM `candidate`;
INSERT INTO `candidate` (`id`, `avatar_url`, `dob`, `email`, `full_name`, `gender`, `phone`, `address_id`)
VALUES (1, '/uploads/avatars/1734068731270_shin.jpg', '2003-03-02', 'iamhoangkhang@icloud.com', 'Lê Hoàng Khang', b'1',
        '0383741660', 9),
       (2, '/uploads/avatars/1734087549366_avt1.jpg', '2003-02-12', 'nguyenthanhcanh@gmail.com', 'Nguyễn Thanh Cảnh',
        b'1', '0383745662', 13),
       (3, '/uploads/avatars/1734087687474_avt2.jpeg', '2003-05-15', 'trandinhkien@gmail.com', 'Trần Đình Kiên', b'1',
        '0923658996', 14),
       (4, '/uploads/avatars/1734094767955_avt5.jpg', '1996-06-11', 'hothinhutam@gmail.com', 'Hồ Thị Như Tâm', b'0',
        '0398526445', 15),
       (5, '/uploads/avatars/1734094936927_avt6.jpg', '1989-06-20', 'duckThinh@gmail.com', 'Nguyễn Đức Thịnh', b'1',
        '0359874556', 16),
       (6, '/uploads/avatars/1734095006065_avt7.jpg', '1997-06-13', 'trantrongtin@gmail.com', 'Trần Trọng Tín', b'1',
        '0356986564', 17),
       (7, '/uploads/avatars/1734095074590_avt7.jpg', '2003-06-13', 'vuquochuy@gmail.com', 'Vũ Quốc Huy', b'1',
        '0965485660', 18),
       (8, '/uploads/avatars/1734095161323_avt 8.jpg', '2002-06-12', 'vonhattan@gmail.com', 'Võ Nhật Tân', b'1',
        '0396548995', 19),
       (9, '/uploads/avatars/1734095283554_avt10.jpg', '1976-11-12', 'nguyenminhtien@gmail.com', 'Nguyễn Minh Tiến',
        b'1', '0383654226', 20),
       (10, '/uploads/avatars/1734151196934_avt 9.jpg', '2003-03-02', 'hoangkhang.dev@gmail.com', 'Lê Hoàng Khang',
        b'1', '0383741660', 21);

-- Dumping structure for table candidate_db.candidate_apply_jobs
CREATE TABLE IF NOT EXISTS `candidate_apply_jobs`
(
    `id`           bigint(20) NOT NULL AUTO_INCREMENT,
    `apply_date`   date       DEFAULT NULL,
    `candidate_id` bigint(20) DEFAULT NULL,
    `job_id`       bigint(20) DEFAULT NULL,
    PRIMARY KEY (`id`),
    KEY `FKcr912mgo8lh43jykg00x1ojm8` (`candidate_id`),
    KEY `FKbejx3f5c48pi05uqculo0v3kh` (`job_id`),
    CONSTRAINT `FKbejx3f5c48pi05uqculo0v3kh` FOREIGN KEY (`job_id`) REFERENCES `job` (`id`),
    CONSTRAINT `FKcr912mgo8lh43jykg00x1ojm8` FOREIGN KEY (`candidate_id`) REFERENCES `candidate` (`id`)
) ENGINE = InnoDB
  AUTO_INCREMENT = 6
  DEFAULT CHARSET = latin1
  COLLATE = latin1_swedish_ci;



-- Dumping structure for table candidate_db.candidate_skill
CREATE TABLE IF NOT EXISTS `candidate_skill`
(
    `id`           bigint(20) NOT NULL AUTO_INCREMENT,
    `more_info`    varchar(255) CHARACTER SET utf8mb4 COLLATE utf8mb4_unicode_ci       DEFAULT NULL,
    `skill_level`  enum ('ADVANCED','BEGINNER','INTERMEDIATE','MASTER','PROFESSIONAL') DEFAULT NULL,
    `candidate_id` bigint(20)                                                          DEFAULT NULL,
    `skill_id`     bigint(20)                                                          DEFAULT NULL,
    PRIMARY KEY (`id`),
    KEY `FKijjf42p0sh2c2na28g5aalx2p` (`candidate_id`),
    KEY `FKb7cxhiqhcah7c20a2cdlvr1f8` (`skill_id`),
    CONSTRAINT `FKb7cxhiqhcah7c20a2cdlvr1f8` FOREIGN KEY (`skill_id`) REFERENCES `skill` (`id`),
    CONSTRAINT `FKijjf42p0sh2c2na28g5aalx2p` FOREIGN KEY (`candidate_id`) REFERENCES `candidate` (`id`)
) ENGINE = InnoDB
  AUTO_INCREMENT = 38
  DEFAULT CHARSET = latin1
  COLLATE = latin1_swedish_ci;



-- Dumping data for table candidate_db.company: ~11 rows (approximately)
DELETE
FROM `company`;
INSERT INTO `company` (`id`, `about`, `email`, `logo_url`, `name`, `phone`, `web_url`, `address_id`)
VALUES (1,
        'ACGEN là một ứng dụng phân tích bộ gen được phát triển bởi Khoa Tin học Y sinh của Đại học Columbia. Mục tiêu của ACGEN là cung cấp cho các nhà khoa học một nền tảng linh hoạt, cho phép họ thực hiện các phân tích di truyền từ bất kỳ đâu. Tuy nhiên, phiên bản nguyên mẫu ban đầu gặp khó khăn về tính khả dụng và tốc độ tải. Để giải quyết vấn đề này, nhóm phát triển đã hợp tác với Indicius, một công ty thiết kế, để tối ưu hóa giao diện người dùng và cải thiện hiệu suất của nền tảng. Kết quả là ACGEN đã được cải tiến với giao diện thân thiện hơn, tốc độ tải nhanh hơn và khả năng mở rộng tốt hơn, giúp các nhà nghiên cứu dễ dàng tìm kiếm và phân tích nhiễm sắc thể một cách hiệu quả.',
        'acgen@gmail.com', '/uploads/logos/1734064741210_logo-acgen.jpg', 'Acgen', '0383954115',
        'https://indicius.com/work/acgen/', 1),
       (2,
        'Alena Energy là một công ty công nghệ tại Việt Nam, chuyên cung cấp các giải pháp năng lượng tái tạo, đặc biệt trong lĩnh vực điện mặt trời. Công ty phân phối chính hãng các sản phẩm năng lượng mặt trời chất lượng cao, hướng tới việc cung cấp giải pháp năng lượng xanh và thúc đẩy mức sống tốt hơn trong tương lai.',
        'ailenna@gmail.com', '/uploads/logos/1734064904982_logo-ailenna.jpg', 'Ailenna', '02839262683',
        'https://alena-energy.com/', 2),
       (3,
        'Amazon.com, Inc. là một công ty công nghệ đa quốc gia có trụ sở tại Hoa Kỳ, nổi tiếng toàn cầu trong các lĩnh vực như thương mại điện tử, điện toán đám mây, trí tuệ nhân tạo và phát triển phần mềm. Thành lập bởi Jeff Bezos vào ngày 5 tháng 7 năm 1994, Amazon ban đầu hoạt động như một cửa hàng trực tuyến bán sách trước khi mở rộng ra nhiều lĩnh vực khác.',
        'amazon@gmail.com', '/uploads/logos/1734065026388_logo-amazon.png', 'Amazon.com, Inc', '0359235662',
        'https://www.amazon.com/', 3),
       (4,
        'Apple Inc. là một công ty công nghệ hàng đầu thế giới, được biết đến với các sản phẩm sáng tạo và thiết kế tinh tế. Thành lập vào ngày 1 tháng 4 năm 1976, bởi Steve Jobs, Steve Wozniak, và Ronald Wayne, Apple đã trở thành một trong những tập đoàn công nghệ giá trị nhất toàn cầu, nổi tiếng với các sản phẩm phần cứng, phần mềm và dịch vụ liên quan.\r\n\r\n',
        'apple@gmail.com', '/uploads/logos/1734065160158_logo-apple.png', 'Apple Inc', '0356985624',
        'https://www.apple.com/', 4),
       (5,
        'Blink là một công ty con của Amazon, chuyên cung cấp các giải pháp camera an ninh không dây cho gia đình và doanh nghiệp. Các sản phẩm của Blink nổi bật với thiết kế nhỏ gọn, dễ dàng lắp đặt và sử dụng pin AA với thời gian hoạt động lên đến hai năm. Điều này giúp người dùng dễ dàng giám sát và bảo vệ tài sản của mình mà không cần lo lắng về việc thay pin thường xuyên',
        'blink@gmail.com', '/uploads/logos/1734065340799_logo-blink.jpg', ' Blink - Amazon', '0325684778',
        'https://blinkforhome.com/', 5),
       (6,
        'FPT Corporation (Công ty Cổ phần FPT) là tập đoàn công nghệ hàng đầu tại Việt Nam, được thành lập vào ngày 13 tháng 9 năm 1988. FPT hoạt động trong nhiều lĩnh vực liên quan đến công nghệ thông tin và truyền thông, bao gồm cung cấp dịch vụ viễn thông, giải pháp công nghệ, phát triển phần mềm, và giáo dục.',
        'fpt@gmail.com', '/uploads/logos/1734065503783_fpt.jpg', 'Công ty Cổ phần FPT (FPT Corporation)', '1900 6600',
        'https://www.fpt.com.vn/', 6),
       (7,
        'FPT Software là công ty thành viên thuộc Tập đoàn FPT, được thành lập vào năm 1999. Đây là công ty dịch vụ công nghệ thông tin hàng đầu Việt Nam, cung cấp các giải pháp phần mềm, dịch vụ chuyển đổi số và công nghệ tiên tiến cho khách hàng toàn cầu.',
        'fptsoftware@gmail.com', '/uploads/logos/1734065695727_fpts.png', 'Công ty TNHH Phần mềm FPT (FPT Software)',
        '0321569885', 'https://www.fpt-software.com/', 7),
       (8,
        'Ngân hàng TMCP Đầu tư và Phát triển Việt Nam (BIDV) là ngân hàng hàng đầu tại Việt Nam, hoạt động kinh doanh trong nhiều lĩnh vực như: Ngân hàng, Bảo hiểm, Chứng khoán. Với hơn 25.000 cán bộ nhân viên, BIDV nhận thức được rằng nguồn nhân lực là một nhân tố quan trọng hàng đầu cho sự phát triển và thành công của tổ chức. Vì vậy, một trong những mục tiêu quan trọng nhất của BIDV là phải xây dựng, duy trì và phát triển đội ngũ nhân viên đảm bảo đủ về số lượng và chất lượng để thực hiện thắng lợi các mục tiêu, chiến lược kinh doanh của hệ thống. ',
        'bidv@gmail.com', '/uploads/logos/1734068254503_bidv.png', 'Trung tâm Công nghệ thông tin BIDV', '0325648698',
        'https://bidv.com.vn/', 8),
       (9,
        'Công ty TNHH Fixx Systems Việt Nam, thành lập vào năm 2000, chuyên cung cấp các giải pháp nội thất và quản lý dự án cho nhiều lĩnh vực như văn phòng, khách sạn, khu nghỉ dưỡng, nhà ở và cửa hàng bán lẻ cao cấp. Với hơn 15 năm hoạt động tại Việt Nam và châu Á, Fixx Systems Việt Nam sở hữu nhà máy rộng 20.000 m² tại Củ Chi, TP.HCM, được trang bị máy móc hiện đại, bao gồm các máy CNC tiên tiến, đảm bảo hiệu quả và độ chính xác cao trong sản xuất.',
        'fixt@gmail.com', '/uploads/logos/1734084916384_logo-fixt.jpg', 'Công ty TNHH Fixx Systems Việt Nam',
        '0352468595', 'https://fixxsystems.com/', 10),
       (10,
        'Ekino is a French company specialising in the Conception, Design, Development and Maintenance of digital solutions: Digital Platforms, Websites, and Mobile Applications.\r\nWe build innovative solutions from the ground up with open technologies. Our solutions are integrated with legacy systems (e-commerce, billing, provisioning, leads, CRM,...) and help business and digital managers to meet their objectives.\r\nEkino, powered by HavasCX, is a French company specialising in the Conception, Design, Development and Maintenance of digital solutions: Digital Platforms, Websites, and Mobile Applications.\r\nWe are part of the Havas/ Vivendi Group. We work with other agencies in the network or directly with Asian and European clients. \r\nHavasCX is the global network brand, bringing together over 1,200 specialists in digital transformation, eCommerce, customer experience design, acquisition, and engagement from Havas’ global and local agencies.  \r\nWe provide our services to large French and international groups. Projects range from 50 to 1000 days of development.\r\nOur team of 700 consultants and technical experts is located in France (Paris & Bordeaux), Vietnam (Ho Chi Minh City), United Kingdom (London), Singapore, India and USA (New York)',
        'ekinovietnam@gmail.com', '/uploads/logos/1734086078187_ekino.png', 'Ekino VietNam', '0932658456',
        'https://www.ekino.vn/', 11),
       (11,
        '\r\nCông ty TNHH Wave Product, được thành lập vào năm 1994 bởi ông Pongsitchai Thongsuk cùng nhóm kỹ sư môi trường về nước, chuyên cung cấp các giải pháp về nước như bồn nhựa kháng khuẩn, bể tách dầu mỡ, bồn nước ngầm, bồn tự hoại và máy lọc nước 3M. Với mục tiêu bảo vệ nguồn nước – tài nguyên thiên nhiên quan trọng đối với mọi sinh vật trên trái đất – công ty đã chuyển giao công nghệ và xây dựng nhà máy sản xuất tại Việt Nam.',
        'wawe@gmail.com', '/uploads/logos/1734086587682_logo-wave.png', 'Công ty TNHH Wave Product', '0958475156',
        'https://wave.com.vn/', 12);

-- Dumping structure for table candidate_db.experience
CREATE TABLE IF NOT EXISTS `experience`
(
    `id`               bigint(20) NOT NULL AUTO_INCREMENT,
    `company_name`     varchar(255) CHARACTER SET utf8mb4 COLLATE utf8mb4_unicode_ci DEFAULT NULL,
    `from_date`        date                                                          DEFAULT NULL,
    `role`             varchar(255) CHARACTER SET utf8mb4 COLLATE utf8mb4_unicode_ci DEFAULT NULL,
    `to_date`          date                                                          DEFAULT NULL,
    `work_description` varchar(255) CHARACTER SET utf8mb4 COLLATE utf8mb4_unicode_ci DEFAULT NULL,
    `candidate_id`     bigint(20)                                                    DEFAULT NULL,
    PRIMARY KEY (`id`),
    KEY `FKsmv65lqovssalk12ti3cqkpjf` (`candidate_id`),
    CONSTRAINT `FKsmv65lqovssalk12ti3cqkpjf` FOREIGN KEY (`candidate_id`) REFERENCES `candidate` (`id`)
) ENGINE = InnoDB
  AUTO_INCREMENT = 2
  DEFAULT CHARSET = latin1
  COLLATE = latin1_swedish_ci;

-- Dumping data for table candidate_db.experience: ~1 rows (approximately)
DELETE
FROM `experience`;
INSERT INTO `experience` (`id`, `company_name`, `from_date`, `role`, `to_date`, `work_description`, `candidate_id`)
VALUES (1, 'DEMO', '2021-09-02', 'DEMO', '2024-12-13', '', 1);

-- Dumping structure for table candidate_db.job
CREATE TABLE IF NOT EXISTS `job`
(
    `id`                        bigint(20) NOT NULL AUTO_INCREMENT,
    `active`                    bit(1)     NOT NULL,
    `deadline`                  date                                                                                                                                                                                                                                                                                                                                                                                                                                                                                                                             DEFAULT NULL,
    `description`               text CHARACTER SET utf8mb4 COLLATE utf8mb4_unicode_ci                                                                                                                                                                                                                                                                                                                                                                                                                                                                            DEFAULT NULL,
    `name`                      varchar(255) CHARACTER SET utf8mb4 COLLATE utf8mb4_unicode_ci                                                                                                                                                                                                                                                                                                                                                                                                                                                                    DEFAULT NULL,
    `negotiable`                bit(1)     NOT NULL,
    `number_of_applicants`      int(11)                                                                                                                                                                                                                                                                                                                                                                                                                                                                                                                          DEFAULT NULL,
    `required_experience_years` int(11)                                                                                                                                                                                                                                                                                                                                                                                                                                                                                                                          DEFAULT NULL,
    `salary_from`               double                                                                                                                                                                                                                                                                                                                                                                                                                                                                                                                           DEFAULT NULL,
    `salary_to`                 double                                                                                                                                                                                                                                                                                                                                                                                                                                                                                                                           DEFAULT NULL,
    `start_date`                date                                                                                                                                                                                                                                                                                                                                                                                                                                                                                                                             DEFAULT NULL,
    `type`                      enum ('ACCOUNTANT','AGILE_COACH','AI','ARCHITECT','BACKEND','BLOCKCHAIN','BUSINESS_ANALYST','CLOUD','CONSULTANT','CUSTOMER_SUPPORT','CYBER_SECURITY','DATABASE','DATA_ANALYST','DATA_SCIENCE','DESIGN','DESKTOP','DEVOPS','EMBEDDED','FINANCE','FRONTEND','FULLSTACK','GAME','GRAPHIC','HR','IOT','LEADER','MACHINE_LEARNING','MANAGER','MARKETING','MOBILE','NETWORK','OTHERS','PRODUCT','PRODUCT_MANAGER','PROJECT_MANAGER','RECRUITER','SALES','SCRUM_MASTER','SYSTEM','TECHNICAL_SUPPORT','TESTING','TRAINER','UI_UX','WEB') DEFAULT NULL,
    `company_id`                bigint(20)                                                                                                                                                                                                                                                                                                                                                                                                                                                                                                                       DEFAULT NULL,
    PRIMARY KEY (`id`),
    KEY `FK5q04favsasq8y70bsei7wv8fc` (`company_id`),
    CONSTRAINT `FK5q04favsasq8y70bsei7wv8fc` FOREIGN KEY (`company_id`) REFERENCES `company` (`id`)
) ENGINE = InnoDB
  AUTO_INCREMENT = 124
  DEFAULT CHARSET = latin1
  COLLATE = latin1_swedish_ci;

-- Dumping data for table candidate_db.job: ~108 rows (approximately)
DELETE
FROM `job`;
INSERT INTO `job` (`id`, `active`, `deadline`, `description`, `name`, `negotiable`, `number_of_applicants`,
                   `required_experience_years`, `salary_from`, `salary_to`, `start_date`, `type`, `company_id`)
VALUES (2, b'1', '2025-03-13',
        'Vị trí Intern Java sẽ tham gia vào các dự án phát triển phần mềm sử dụng ngôn ngữ lập trình Java, dưới sự hướng dẫn của các lập trình viên giàu kinh nghiệm. Bạn sẽ hỗ trợ viết mã nguồn, kiểm thử và bảo trì các tính năng cho ứng dụng hoặc hệ thống, đồng thời thực hiện các nhiệm vụ liên quan đến phát triển backend như xây dựng API, quản lý cơ sở dữ liệu và tích hợp hệ thống. Công việc bao gồm nghiên cứu và áp dụng các công nghệ, framework Java như Spring, Hibernate, đọc hiểu tài liệu kỹ thuật, phân tích và giải quyết các vấn đề kỹ thuật. Ngoài ra, bạn sẽ tham gia vào các buổi họp kỹ thuật, đào tạo nội bộ và báo cáo tiến độ công việc định kỳ.',
        'Intern Java', b'1', 2, 0, 0, 0, '2024-12-13', 'FULLSTACK', 7),
       (3, b'1', '2025-05-31',
        'Trách nhiệm công việc\r\nQuản trị, cài đặt, cấu hình máy chủ môi trường phát triển (DEV) và kiểm thử (SIT/UAT) trên nền hệ điều hành Linux, Windows… và các nền tảng ảo hóa VMware, Microsoft, IBM…\r\nQuản trị máy chủ CSDL (Oracle, MSSQL, mã nguồn mở PostgreSQL....) môi trường DEV/SIT/UAT\r\nTham gia quy hoạch và tối ưu hệ thống môi trường kiêm thử.\r\nThiết lập môi trường kiểm thử, thực hiện đánh giá một số nội dung kiểm thử kỹ thuật phần mềm.\r\nNghiên cứu/Tham gia nghiên cứu, thử nghiệm, triển khai các công cụ quản trị, công cụ monitor các giải pháp, công nghệ mới về hệ thống (máy chủ, lưu trữ, sao lưu/phục hồi dữ liệu, cloud…).\r\nTham gia triển khai các Dự án/PAMS tài sản dịch vụ CNTT\r\nTham gia xây dựng các văn bản chế độ: quy định, quy trình, cẩm nang, sổ tay, hướng dẫn nội bộ về kiểm thử phần mềm, quản trị hạ tầng CNTT.\r\nTham gia các khoá đào tạo\r\nTham gia nghiên cứu khoa học, xây dựng các sáng kiến cải tiến\r\nĐối với vị trí chuyên sâu về CSDL:\r\nQuản trị, giám sát hoạt động và quy hoạch các máy chủ CSDL (Oracle, MSSQL, mã nguồn mở PostgreSQL....) trên các môi trường DEV/SIT/UAT\r\nTham gia các kế hoạch kiểm thử hiệu năng, đề xuất/triển khai tối ưu hoạt động phần mềm ứng dụng.',
        'Chuyên viên Quản trị hạ tầng và môi trường Dev/Test – Mã vị trí NHS04 (số lượng 02)', b'0', 1, 3, 10000000,
        30000000, '2024-12-13', 'DEVOPS', 7),
       (4, b'1', '2025-01-15',
        'Quản trị, cài đặt, cấu hình máy chủ môi trường phát triển (DEV) và kiểm thử (SIT/UAT) trên nền hệ điều hành Linux, Windows… và các nền tảng ảo hóa VMware, Microsoft, IBM…\r\nQuản trị máy chủ CSDL (Oracle, MSSQL, mã nguồn mở PostgreSQL....) môi trường DEV/SIT/UAT\r\nTham gia quy hoạch và tối ưu hệ thống môi trường kiêm thử.\r\nThiết lập môi trường kiểm thử, thực hiện đánh giá một số nội dung kiểm thử kỹ thuật phần mềm.\r\nNghiên cứu/Tham gia nghiên cứu, thử nghiệm, triển khai các công cụ quản trị, công cụ monitor các giải pháp, công nghệ mới về hệ thống (máy chủ, lưu trữ, sao lưu/phục hồi dữ liệu, cloud…).\r\nTham gia triển khai các Dự án/PAMS tài sản dịch vụ CNTT\r\nTham gia xây dựng các văn bản chế độ: quy định, quy trình, cẩm nang, sổ tay, hướng dẫn nội bộ về kiểm thử phần mềm, quản trị hạ tầng CNTT.\r\nTham gia các khoá đào tạo\r\nTham gia nghiên cứu khoa học, xây dựng các sáng kiến cải tiến',
        'Kỹ sư Lập trình (Java/Frontend)', b'0', 0, 7, 25000000, 40000000, '2024-12-13', 'FULLSTACK', 1),
       (5, b'1', '2024-12-27',
        'As a Java developer, you will be responsible for modernizing legacy systems, implementing new features for our SCM projects, converting .NET systems to Java (with support from the .Net team), delivering new functionalities, and ensuring system stability through automation and maintenance.',
        'Senior Java Developer', b'1', 0, 2, 0, 0, '2024-12-13', 'BACKEND', 3),
       (6, b'1', '2025-04-18',
        'At EmeSoft, you can take your career to the next level by working for a company that values personal accountability and an abundance mentality. We design IT solutions better than anyone but need help to do it. We need your help to innovate and provide our clients with the best possible solutions.\r\n\r\nWe are on the lookout for a skilled Full-Stack Developer with expertise in .NET Core and front-end technologies (React.js). This role entails designing, developing, and maintaining sophisticated web applications, utilizing the robust capabilities of .NET Core in conjunction with modern JavaScript frameworks.',
        'Full Stack .NET & ReactJS (Junior – Senior)', b'0', 0, 4, 10000000, 20000000, '2024-12-13', 'FULLSTACK', 4),
       (7, b'1', '2024-12-31',
        'Quản trị các hệ thống Phần mềm ứng dụng đơn giản theo sự phân công của Lãnh đạo phòng;\r\nĐầu mối xây dựng, triển khai các hệ thống Phần mềm ứng dụng có mức độ thấp theo sự phân công của Lãnh đạo phòng;\r\nĐầu mối rà soát, quy hoạch, tối ưu hệ thống định kỳ hoặc đột xuất các hệ thống Phần mềm ứng dụng được phân công;\r\nXây dựng các quy trình quản trị, vận hành, xử lý sự cố liên quan tới hệ thống phần mềm ứng dụng, xây dựng, triển khai các dự án, kế hoạch mua sắm liên quan tới Phần mềm ứng dụng, tham gia các dự án quan trọng của BIDV về CNTT;\r\nTham gia xây dựng kịch bản và tổ chức diễn tập dự phòng HA, DR.',
        'Chuyên viên Quản trị ứng dụng – Mã vị trí CNTT01', b'1', 0, 4, 0, 0, '2024-12-13', 'ACCOUNTANT', 8),
       (8, b'1', '2025-08-21',
        'Bachelor in Computer Science or related studies.\r\n3+ years of proven experience with Java, specialized J2EE stack.\r\nHave strong skills in HTML5/CSS3, CSS preprocessors (LESS, SASS), Javascript Frameworks (JQuery/ Bootstrap/ ReactJS...).\r\nSpring Framework: Core, Data, Boot, Security, and MVC.\r\nRESTful API development. \r\nHave a knowledge about Progressive Web App (PWA)\r\nCan read & write English',
        'Full-stack Developer (Java, Spring, ReactJS)', b'0', 0, 3, 25000000, 35000000, '2024-12-13', 'FULLSTACK', 5),
       (9, b'1', '2024-12-29',
        'JWAT is a program that aims to develop essential knowledge and skills for participants to work for practical projects at CyberLogitec Vietnam',
        'REACTJS/NODEJS- WEB- APPLICATION TRAINING PROGRAM (JWAT)', b'1', 0, 4, 0, 0, '2024-12-13', 'FULLSTACK', 9),
       (10, b'1', '2025-04-30',
        'The role in as part of the APAC Data & Analytics Hub within the D&T department of HEINEKEN International is critical in Heineken to operationalise our strategy of standardised and scalable data foundations across the region and enterprise. \r\nThe role holder will work with colleagues across Heineken as part of a team that structure the entire process of data extraction, transformation, and storage using serverless Azure services to deploy models and analytical solutions for the enterprise within a specific Function (or a group of Functions). \r\nIt is essential that the role holder can manage quality assurance, data migration and integration, and solution deployment to ensure the business gets the best value. This will be achieved by building strong relationships and collaboration with members of the broader HEINEKEN data organisation as well as various programs across the central, regional and Operating Company (OpCo) structures. \r\nIn particular, he/she will partner with a growing group of data professionals such as Data Scientists, Machine Learning Engineers and Product Managers who play a crucial role in the development and delivery of Analytics products at scale.',
        'Data Engineering Manager', b'0', 0, 4, 7000000, 21000000, '2024-12-13', 'DATA_ANALYST', 9),
       (11, b'1', '2025-01-30',
        'Ekino, powered by HavasCX, is a French company specialised in Conception, Design, Development and Maintenance of digital solutions: Digital Platforms, Websites, Mobile Applications.\r\nWe are part of the Havas/ Vivendi Group. We work with other agencies in the network or directly with Asian, European and American clients. \r\nHavasCX is the global network brand, bringing together over 1,200 specialists in digital transformation, eCommerce, customer experience design and customer acquisition and engagement from Havas’ global and local agencies.  \r\nWe build innovative solutions from the ground up with open technologies. Our solutions are integrated with legacy systems (e-commerce, billing, provisioning, leads, CRM,...) and help business and digital managers to meet their objectives.\r\nWe provide our services to large French and international groups. Projects range from 50 to 1000 days of development.\r\nThe Ekino Group is composed of 700 consultants and technical experts, located in France (Paris & Bordeaux), Vietnam (Ho Chi Minh City), United Kingdom (London), Singapore, India and USA (New York).',
        'Junior Tester (QA/QC, English required)', b'1', 0, 6, 0, 0, '2024-12-13', 'TESTING', 10),
       (12, b'1', '2025-02-22',
        'Phát triển và bảo trì các ứng dụng web và backend sử dụng Java.\r\nTham gia vào quá trình phân tích yêu cầu, thiết kế, phát triển và kiểm thử phần mềm.\r\nThiết kế và triển khai cơ sở dữ liệu, tối ưu hóa truy vấn SQL và quản lý dữ liệu.\r\nViết mã nguồn rõ ràng, có cấu trúc và được tối ưu hóa.\r\nCộng tác chặt chẽ với các thành viên trong nhóm để đảm bảo chất lượng và tiến độ dự án.\r\nXử lý và khắc phục các lỗi phần mềm, cải thiện hiệu suất và tối ưu hóa mã nguồn.\r\nHỗ trợ các thành viên khác trong nhóm\r\nThực hiện các công việc khác dưới sự phân công của leader và PM',
        '[Middle] Back-end Developer (Java)', b'0', 0, 3, 25000000, 32000000, '2024-12-13', 'BACKEND', 11),
       (13, b'1', '2025-05-22',
        'We are looking for a Senior or a Leader of Automation QC Team who have experience in working on different platforms to ensure the products are working properly. \r\nAn Automation QC Senior or Leader will be responsible for  guiding our automation testing efforts, leading a team of skilled  engineers, and ensuring the efficient and effective testing of our  web applications and APIs. If you have a strong background in  automation testing with Java, API like Google API, Jira API,  Playwright, Selenium Web driver...; Networking, Robot framework,  we would like to hear from you.',
        'SENIOR/ LEADER AUTOMATION QC [On-Site]', b'1', 0, 2, 0, 0, '2024-12-13', 'TESTING', 11),
       (14, b'1', '2024-12-31',
        '(1) – Phân tích yêu cầu và thiết kế logic nghiệp vụ (70%)\r\nPhân tích GAP giữa yêu cầu và hiện trạng để đưa ra giải pháp phù hợp.\r\nPhối hợp với System Architect/Solution Architect để thiết kế giải pháp công nghệ và nghiệp vụ.\r\nTài liệu hóa các yêu cầu dưới dạng PRD, workflow, user story, backlog, wireframe...\r\nĐảm bảo truyền đạt yêu cầu rõ ràng, dễ hiểu tới đội ngũ phát triển.\r\n(2) – PO độc lập cho các sản phẩm của bộ phận (20%)\r\nĐóng vai trò Product Owner (PO) độc lập, chịu trách nhiệm quản lý các sản phẩm của bộ phận, từ định hướng đến phát triển và tối ưu hóa.\r\nLàm việc với các stakeholder chính như:\r\nProduct Manager: Phối hợp để đảm bảo sản phẩm phù hợp với tầm nhìn và chiến lược của công ty.\r\nSystem Architect/Solution Architect: Phối hợp để hoàn thiện giải pháp công nghệ và nghiệp vụ.\r\nAgile Team: Bao gồm Dev (FE, BE), Scrum Master, Designer, Tester... để triển khai phát triển sản phẩm.\r\nTrách nhiệm chính:\r\nQuản lý Team Backlog (cấp độ chi tiết của Product Backlog).\r\nĐảm bảo nghiệm thu kết quả làm việc của các sprint (thường 2 tuần/sprint).\r\n(3) – Các công việc khác (10%)\r\nTheo dõi tiến độ và giải quyết các vướng mắc trong quá trình phát triển.\r\nBáo cáo tiến độ với Product Manager hoặc Business Owner.\r\nĐóng góp ý kiến cải tiến quy trình làm việc và tham gia các cuộc họp nội bộ của team.',
        'Business Analyst', b'0', 0, 3, 20000000, 25000000, '2024-12-13', 'BUSINESS_ANALYST', 3),
       (15, b'1', '2024-12-28',
        'Participate in developing web applications, new modules, features from beginning till end in the functional system (It can be Full-Stack from Frontend to Backend services and databases depending on skills and experiences).\r\nParticipate in analyzing requirements, design architecture, perform coding, unit tests, testing and technical documentation in line with user & system requirements to deliver source code, documents and test scripts that meet client’s needs and meet the release milestone.\r\nPerform bugs fixing, maintaining, enhancement existing WEB application modules.\r\nAssist Team Leads, Managers in reporting project status and deliverable estimations.\r\nPerform code review and supports colleagues.\r\nConduct training & coaching junior members in software engineering development if required.\r\nSupports team leads on maintaining QAT and development environments if required to make sure smooth development. ',
        'JAVA WEB DEVELOPER (Java Core, Spring, ReactJS)', b'1', 2, 5, 0, 0, '2024-12-13', 'FULLSTACK', 7),
       (16, b'1', '2025-06-30',
        'Vị trí Full Stack Developer tập trung vào phát triển các ứng dụng web hiện đại với ReactJS và Node.js. Công việc bao gồm phát triển giao diện người dùng, API backend và tích hợp với cơ sở dữ liệu. Ngoài ra, bạn sẽ làm việc chặt chẽ với nhóm QA để đảm bảo chất lượng sản phẩm và hỗ trợ triển khai ứng dụng.',
        'Full Stack Developer (ReactJS, Node.js)', b'1', 5, 2, 20000000, 30000000, '2024-12-13', 'FULLSTACK', 5),
       (17, b'1', '2025-05-31',
        'Vị trí Backend Developer chuyên xây dựng và quản lý API với Node.js. Bạn sẽ tham gia thiết kế cơ sở dữ liệu, tối ưu hóa truy vấn SQL, và đảm bảo bảo mật hệ thống.',
        'Backend Developer (Node.js, MongoDB)', b'1', 3, 3, 18000000, 25000000, '2024-12-15', 'BACKEND', 7),
       (19, b'1', '2025-04-15',
        'Vị trí Frontend Developer tập trung phát triển giao diện người dùng hiện đại với ReactJS và TailwindCSS. Công việc bao gồm tối ưu hóa hiệu suất ứng dụng và cải thiện trải nghiệm người dùng.',
        'Frontend Developer (ReactJS, TailwindCSS)', b'1', 4, 2, 18000000, 25000000, '2024-12-20', 'FRONTEND', 5),
       (20, b'1', '2025-06-30',
        'Vị trí Mobile Developer chịu trách nhiệm phát triển ứng dụng di động với React Native, đảm bảo hiệu suất cao và giao diện người dùng thân thiện.',
        'Mobile Developer (React Native)', b'1', 3, 3, 20000000, 28000000, '2024-12-25', 'MOBILE', 6),
       (21, b'1', '2025-05-31',
        'Vị trí QA Automation Engineer chịu trách nhiệm xây dựng và bảo trì các công cụ kiểm thử tự động, đảm bảo chất lượng phần mềm cao nhất.',
        'QA Automation Engineer (Selenium, Java)', b'1', 2, 4, 15000000, 22000000, '2024-12-18', 'TESTING', 7),
       (22, b'1', '2025-08-15',
        'Vị trí AI Engineer chịu trách nhiệm xây dựng và triển khai các mô hình học sâu (Deep Learning) để giải quyết các bài toán dữ liệu lớn.',
        'AI Engineer (Python, TensorFlow)', b'1', 3, 3, 30000000, 45000000, '2024-12-22', 'AI', 2),
       (23, b'1', '2025-07-30',
        'Vị trí Blockchain Developer tập trung phát triển các ứng dụng phi tập trung (DApps) sử dụng công nghệ Blockchain và Smart Contracts.',
        'Blockchain Developer (Solidity, Ethereum)', b'1', 2, 4, 35000000, 50000000, '2024-12-25', 'BLOCKCHAIN', 3),
       (24, b'1', '2025-06-20',
        'Vị trí Scrum Master chịu trách nhiệm quản lý quy trình Agile, đảm bảo tiến độ dự án và phối hợp hiệu quả giữa các nhóm.',
        'Scrum Master (Agile, Jira)', b'1', 5, 5, 25000000, 30000000, '2024-12-18', 'SCRUM_MASTER', 4),
       (25, b'1', '2025-09-30',
        'Vị trí Cloud Architect tập trung vào thiết kế và triển khai các hệ thống hạ tầng đám mây trên AWS và Azure.',
        'Cloud Architect (AWS, Azure)', b'1', 4, 7, 40000000, 60000000, '2024-12-28', 'CLOUD', 5),
       (26, b'1', '2025-10-15',
        'Vị trí DevOps Engineer chịu trách nhiệm triển khai, bảo trì hệ thống CI/CD và tối ưu hóa quy trình phát triển phần mềm.',
        'DevOps Engineer (AWS, Kubernetes)', b'1', 3, 4, 30000000, 40000000, '2024-12-30', 'DEVOPS', 6),
       (27, b'1', '2025-09-20',
        'Vị trí UI/UX Designer tập trung vào thiết kế giao diện người dùng, đảm bảo trải nghiệm người dùng mượt mà và thân thiện.',
        'UI/UX Designer (Figma, Adobe XD)', b'1', 5, 2, 20000000, 30000000, '2025-01-05', 'UI_UX', 7),
       (28, b'1', '2025-11-30',
        'Vị trí Database Administrator đảm bảo hiệu suất và bảo mật của cơ sở dữ liệu, tối ưu hóa các truy vấn SQL.',
        'Database Administrator (SQL, PostgreSQL)', b'1', 2, 5, 25000000, 35000000, '2025-01-15', 'DATABASE', 8),
       (29, b'1', '2025-12-31',
        'Vị trí Game Developer tập trung phát triển các trò chơi với Unity và C#, tạo ra trải nghiệm chơi game chất lượng cao.',
        'Game Developer (Unity, C#)', b'1', 3, 3, 35000000, 50000000, '2025-02-01', 'GAME', 9),
       (30, b'1', '2025-11-15',
        'Vị trí Security Analyst chịu trách nhiệm đánh giá, giám sát và cải thiện bảo mật hệ thống mạng và ứng dụng.',
        'Security Analyst (Cybersecurity, Penetration Testing)', b'1', 3, 3, 35000000, 45000000, '2025-01-10',
        'CYBER_SECURITY', 10),
       (31, b'1', '2025-12-01',
        'Vị trí Full Stack Developer tập trung vào phát triển ứng dụng toàn diện với Java và React.',
        'Full Stack Developer (Java, ReactJS)', b'1', 4, 2, 30000000, 40000000, '2025-01-20', 'FULLSTACK', 6),
       (32, b'1', '2025-12-15',
        'Vị trí Technical Writer chuyên viết tài liệu kỹ thuật cho các sản phẩm và dịch vụ công nghệ.',
        'Technical Writer (Documentation, Communication)', b'1', 2, 5, 20000000, 30000000, '2025-01-25', 'OTHERS', 8),
       (33, b'1', '2026-01-30',
        'Vị trí Data Scientist chịu trách nhiệm phân tích dữ liệu và xây dựng các mô hình dự đoán để hỗ trợ quyết định kinh doanh.',
        'Data Scientist (Python, Machine Learning)', b'1', 3, 4, 40000000, 60000000, '2025-02-01', 'DATA_SCIENCE', 9),
       (34, b'1', '2025-10-01',
        'Vị trí HR Manager đảm bảo quản lý các hoạt động nhân sự như tuyển dụng, đào tạo, và phát triển nhân viên.',
        'HR Manager (Leadership, Organization)', b'1', 5, 7, 30000000, 35000000, '2025-01-15', 'HR', 7),
       (35, b'1', '2026-01-15',
        'Vị trí Cloud Engineer chịu trách nhiệm xây dựng và bảo trì hệ thống đám mây trên nền tảng AWS và Azure.',
        'Cloud Engineer (AWS, Azure)', b'1', 4, 3, 40000000, 55000000, '2025-02-01', 'CLOUD', 6),
       (36, b'1', '2025-12-15',
        'Vị trí Project Manager chịu trách nhiệm quản lý các dự án công nghệ, đảm bảo tiến độ và chất lượng.',
        'Project Manager (Scrum, Agile)', b'1', 5, 5, 35000000, 45000000, '2025-02-15', 'PROJECT_MANAGER', 7),
       (37, b'1', '2025-11-30',
        'Vị trí Embedded Developer tập trung vào phát triển phần mềm nhúng với ngôn ngữ C/C++ và Python.',
        'Embedded Developer (C/C++, Python)', b'1', 3, 2, 30000000, 40000000, '2025-03-01', 'EMBEDDED', 8),
       (38, b'1', '2025-10-31',
        'Vị trí Agile Coach tập trung huấn luyện và hỗ trợ nhóm làm việc theo phương pháp Agile.',
        'Agile Coach (Leadership, Scrum)', b'1', 2, 5, 30000000, 40000000, '2025-02-20', 'AGILE_COACH', 9),
       (39, b'1', '2025-09-30',
        'Vị trí Marketing Specialist tập trung vào chiến lược tiếp thị kỹ thuật số và quản lý chiến dịch.',
        'Marketing Specialist (SEO, Content)', b'1', 3, 4, 25000000, 35000000, '2025-03-10', 'MARKETING', 10),
       (40, b'1', '2025-08-20',
        'Vị trí Business Analyst chịu trách nhiệm phân tích yêu cầu kinh doanh và hỗ trợ giải pháp công nghệ.',
        'Business Analyst (Communication, Problem Solving)', b'1', 4, 3, 30000000, 40000000, '2025-03-25',
        'BUSINESS_ANALYST', 11),
       (41, b'1', '2026-03-15',
        'Vị trí DevOps Specialist tập trung vào triển khai và duy trì hệ thống CI/CD, tối ưu hóa quy trình DevOps.',
        'DevOps Specialist (AWS, Docker)', b'1', 4, 3, 30000000, 45000000, '2025-04-01', 'DEVOPS', 6),
       (42, b'1', '2026-02-10',
        'Vị trí Data Engineer chịu trách nhiệm xây dựng pipeline dữ liệu và tối ưu hóa luồng dữ liệu cho các ứng dụng lớn.',
        'Data Engineer (Python, SQL)', b'1', 3, 4, 35000000, 50000000, '2025-04-10', 'DATA_ANALYST', 7),
       (43, b'1', '2026-01-20',
        'Vị trí Technical Consultant chuyên tư vấn và triển khai giải pháp công nghệ cho khách hàng.',
        'Technical Consultant (Cloud, Kubernetes)', b'1', 5, 5, 40000000, 60000000, '2025-05-01', 'CONSULTANT', 8),
       (44, b'1', '2025-12-15',
        'Vị trí AI Specialist tập trung vào nghiên cứu và triển khai các giải pháp trí tuệ nhân tạo hiện đại.',
        'AI Specialist (Python, TensorFlow)', b'1', 3, 2, 45000000, 65000000, '2025-05-20', 'AI', 9),
       (45, b'1', '2026-03-31',
        'Vị trí Mobile Application Developer phát triển các ứng dụng di động trên nền tảng iOS và Android.',
        'Mobile Application Developer (React Native)', b'1', 4, 3, 25000000, 35000000, '2025-05-30', 'MOBILE', 10),
       (46, b'1', '2026-04-30', 'Vị trí Backend Developer tập trung xây dựng API và tối ưu hóa cơ sở dữ liệu.',
        'Backend Developer (Node.js, PostgreSQL)', b'1', 3, 4, 30000000, 40000000, '2025-06-01', 'BACKEND', 11),
       (47, b'1', '2025-12-20', 'Vị trí UI Developer tập trung thiết kế và phát triển giao diện người dùng hiện đại.',
        'UI Developer (ReactJS, TailwindCSS)', b'1', 4, 2, 22000000, 32000000, '2025-06-10', 'FRONTEND', 6),
       (48, b'1', '2025-12-25',
        'Vị trí Business Consultant tập trung vào tư vấn chiến lược kinh doanh và giải pháp công nghệ.',
        'Business Consultant (Communication, Problem Solving)', b'1', 5, 5, 35000000, 50000000, '2025-06-15',
        'CONSULTANT', 7),
       (49, b'1', '2025-11-15',
        'Vị trí QA Engineer chịu trách nhiệm đảm bảo chất lượng phần mềm thông qua kiểm thử thủ công và tự động.',
        'QA Engineer (Selenium, Automation)', b'1', 3, 3, 28000000, 40000000, '2025-06-20', 'TESTING', 8),
       (50, b'1', '2026-01-05', 'Vị trí Product Manager chịu trách nhiệm quản lý sản phẩm từ ý tưởng đến triển khai.',
        'Product Manager (Leadership, Agile)', b'1', 5, 7, 40000000, 60000000, '2025-06-25', 'PRODUCT_MANAGER', 9),
       (51, b'1', '2026-06-01',
        'Vị trí Cloud Solutions Architect chịu trách nhiệm thiết kế và triển khai hệ thống đám mây cho doanh nghiệp.',
        'Cloud Solutions Architect (AWS, Azure)', b'1', 3, 5, 45000000, 65000000, '2025-07-01', 'CLOUD', 6),
       (52, b'1', '2026-05-15',
        'Vị trí UI/UX Specialist tập trung vào cải thiện trải nghiệm người dùng và thiết kế giao diện tối ưu.',
        'UI/UX Specialist (Figma, Sketch)', b'1', 4, 3, 30000000, 40000000, '2025-07-10', 'UI_UX', 7),
       (53, b'1', '2026-04-20',
        'Vị trí Software Architect đảm bảo thiết kế các hệ thống phần mềm phức tạp và khả năng mở rộng.',
        'Software Architect (Microservices, Design Patterns)', b'1', 5, 7, 50000000, 70000000, '2025-07-15',
        'ARCHITECT', 8),
       (54, b'1', '2026-03-30',
        'Vị trí Data Analyst chịu trách nhiệm phân tích dữ liệu và cung cấp các báo cáo hỗ trợ quyết định kinh doanh.',
        'Data Analyst (SQL, Tableau)', b'1', 3, 2, 25000000, 35000000, '2025-07-20', 'DATA_ANALYST', 9),
       (55, b'1', '2026-02-28',
        'Vị trí Scrum Master chịu trách nhiệm quản lý các nhóm Agile và đảm bảo tuân thủ quy trình Scrum.',
        'Scrum Master (Agile, Jira)', b'1', 5, 5, 30000000, 40000000, '2025-07-25', 'SCRUM_MASTER', 10),
       (56, b'1', '2026-01-30',
        'Vị trí Frontend Engineer chịu trách nhiệm phát triển giao diện người dùng với ReactJS.',
        'Frontend Engineer (ReactJS, TailwindCSS)', b'1', 3, 2, 30000000, 40000000, '2025-07-30', 'FRONTEND', 11),
       (57, b'1', '2026-07-15',
        'Vị trí Blockchain Engineer chịu trách nhiệm phát triển các ứng dụng phi tập trung sử dụng công nghệ blockchain.',
        'Blockchain Engineer (Ethereum, Solidity)', b'1', 3, 3, 40000000, 55000000, '2025-08-01', 'BLOCKCHAIN', 6),
       (58, b'1', '2026-06-20', 'Vị trí Game Developer tập trung phát triển các trò chơi với Unity và C#.',
        'Game Developer (Unity, C#)', b'1', 3, 4, 35000000, 50000000, '2025-08-05', 'GAME', 7),
       (59, b'1', '2026-05-25', 'Vị trí Technical Writer tập trung vào viết tài liệu hướng dẫn và tài liệu kỹ thuật.',
        'Technical Writer (Documentation, Communication)', b'1', 2, 5, 20000000, 30000000, '2025-08-10', 'OTHERS', 8),
       (60, b'1', '2026-04-10',
        'Vị trí AI Researcher tập trung vào nghiên cứu các thuật toán trí tuệ nhân tạo và học máy.',
        'AI Researcher (Python, Machine Learning)', b'1', 3, 4, 50000000, 70000000, '2025-08-15', 'AI', 9),
       (61, b'1', '2026-08-01',
        'Vị trí Data Scientist chuyên phân tích và mô hình hóa dữ liệu để hỗ trợ chiến lược kinh doanh.',
        'Data Scientist (Python, SQL)', b'1', 3, 3, 50000000, 70000000, '2025-09-01', 'DATA_SCIENCE', 6),
       (62, b'1', '2026-07-15',
        'Vị trí Machine Learning Engineer tập trung xây dựng các mô hình học máy và triển khai vào sản phẩm.',
        'Machine Learning Engineer (TensorFlow, Python)', b'1', 4, 5, 55000000, 75000000, '2025-09-10',
        'MACHINE_LEARNING', 7),
       (63, b'1', '2026-06-20', 'Vị trí Network Administrator chịu trách nhiệm quản lý và bảo mật hệ thống mạng.',
        'Network Administrator (Cisco, Firewall)', b'1', 5, 4, 30000000, 45000000, '2025-09-15', 'NETWORK', 8),
       (64, b'1', '2026-05-30',
        'Vị trí Cybersecurity Analyst chịu trách nhiệm đánh giá và cải thiện bảo mật thông tin.',
        'Cybersecurity Analyst (Penetration Testing, SOC)', b'1', 3, 3, 40000000, 60000000, '2025-09-20',
        'CYBER_SECURITY', 9),
       (65, b'1', '2026-09-10',
        'Vị trí Full Stack Developer chuyên phát triển các ứng dụng toàn diện với Node.js và ReactJS.',
        'Full Stack Developer (Node.js, ReactJS)', b'1', 4, 5, 40000000, 60000000, '2025-09-25', 'FULLSTACK', 10),
       (66, b'1', '2026-10-15', 'Vị trí Frontend Developer tập trung vào phát triển giao diện người dùng hiện đại.',
        'Frontend Developer (Angular, Bootstrap)', b'1', 3, 2, 30000000, 40000000, '2025-10-01', 'FRONTEND', 11),
       (67, b'1', '2026-11-20', 'Vị trí Backend Developer tập trung xây dựng và tối ưu hóa API.',
        'Backend Developer (Ruby on Rails, PostgreSQL)', b'1', 4, 3, 35000000, 50000000, '2025-10-05', 'BACKEND', 6),
       (68, b'1', '2026-12-15', 'Vị trí Agile Coach hỗ trợ các nhóm Agile hoạt động hiệu quả hơn.',
        'Agile Coach (Scrum, Kanban)', b'1', 5, 7, 40000000, 60000000, '2025-10-10', 'AGILE_COACH', 7),
       (69, b'1', '2026-07-30', 'Vị trí Product Designer tập trung vào thiết kế sản phẩm từ ý tưởng đến triển khai.',
        'Product Designer (Sketch, Figma)', b'1', 4, 5, 35000000, 50000000, '2025-10-15', 'DESIGN', 8),
       (70, b'1', '2026-09-25', 'Vị trí System Administrator chịu trách nhiệm vận hành và bảo trì hệ thống CNTT.',
        'System Administrator (Linux, VMware)', b'1', 3, 3, 30000000, 45000000, '2025-10-20', 'SYSTEM', 9),
       (71, b'1', '2026-08-15',
        'Vị trí Software Tester chịu trách nhiệm kiểm thử phần mềm, đảm bảo chất lượng sản phẩm.',
        'Software Tester (Manual, Automation)', b'1', 3, 2, 20000000, 30000000, '2025-10-25', 'TESTING', 6),
       (72, b'1', '2026-09-01',
        'Vị trí Full Stack Engineer chịu trách nhiệm phát triển toàn diện với JavaScript và Node.js.',
        'Full Stack Engineer (Node.js, ReactJS)', b'1', 4, 4, 35000000, 55000000, '2025-10-30', 'FULLSTACK', 7),
       (73, b'1', '2026-09-15', 'Vị trí Mobile Developer chuyên phát triển ứng dụng di động đa nền tảng.',
        'Mobile Developer (Flutter, Dart)', b'1', 3, 3, 30000000, 45000000, '2025-11-05', 'MOBILE', 8),
       (74, b'1', '2026-10-10', 'Vị trí Data Engineer chịu trách nhiệm xây dựng và tối ưu hóa hệ thống dữ liệu.',
        'Data Engineer (Python, ETL)', b'1', 5, 5, 40000000, 60000000, '2025-11-10', 'DATA_ANALYST', 9),
       (75, b'1', '2026-11-05', 'Vị trí IT Support chuyên hỗ trợ kỹ thuật và khắc phục sự cố cho hệ thống CNTT.',
        'IT Support (Windows, Linux)', b'1', 2, 2, 18000000, 25000000, '2025-11-15', 'CUSTOMER_SUPPORT', 10),
       (76, b'1', '2026-12-01', 'Vị trí Technical Writer chịu trách nhiệm viết tài liệu và hướng dẫn kỹ thuật.',
        'Technical Writer (Markdown, API Docs)', b'1', 3, 3, 20000000, 30000000, '2025-11-20', 'OTHERS', 11),
       (77, b'1', '2026-10-20', 'Vị trí Product Owner quản lý yêu cầu và chiến lược phát triển sản phẩm.',
        'Product Owner (Agile, Communication)', b'1', 4, 5, 40000000, 60000000, '2025-11-25', 'PRODUCT_MANAGER', 6),
       (78, b'1', '2026-11-15', 'Vị trí Database Administrator tập trung vào quản lý và bảo trì cơ sở dữ liệu.',
        'Database Administrator (SQL, MySQL)', b'1', 3, 4, 35000000, 50000000, '2025-12-01', 'DATABASE', 7),
       (79, b'1', '2026-12-10', 'Vị trí Cybersecurity Specialist chuyên phát hiện và khắc phục lỗ hổng bảo mật.',
        'Cybersecurity Specialist (SOC, SIEM)', b'1', 5, 4, 45000000, 70000000, '2025-12-05', 'CYBER_SECURITY', 8),
       (80, b'1', '2026-12-20', 'Vị trí Game Designer chịu trách nhiệm xây dựng ý tưởng và thiết kế trò chơi.',
        'Game Designer (Unity, Creativity)', b'1', 3, 3, 30000000, 45000000, '2025-12-10', 'GAME', 9),
       (81, b'1', '2026-01-15',
        'Vị trí Frontend Developer chịu trách nhiệm phát triển giao diện người dùng với Angular.',
        'Frontend Developer (Angular, TypeScript)', b'1', 4, 3, 30000000, 45000000, '2025-12-15', 'FRONTEND', 6),
       (82, b'1', '2026-02-20', 'Vị trí Backend Engineer chuyên phát triển API và tối ưu hóa hệ thống backend.',
        'Backend Engineer (Go, PostgreSQL)', b'1', 3, 4, 35000000, 50000000, '2025-12-20', 'BACKEND', 7),
       (83, b'1', '2026-03-10', 'Vị trí QA Specialist đảm bảo chất lượng sản phẩm qua kiểm thử tự động và thủ công.',
        'QA Specialist (Selenium, JMeter)', b'1', 4, 3, 28000000, 40000000, '2025-12-25', 'TESTING', 8),
       (84, b'1', '2026-04-05', 'Vị trí Scrum Master quản lý nhóm Agile và đảm bảo tuân thủ quy trình Scrum.',
        'Scrum Master (Scrum, Agile)', b'1', 5, 5, 40000000, 60000000, '2025-12-30', 'SCRUM_MASTER', 9),
       (85, b'1', '2026-05-18', 'Vị trí Blockchain Developer tập trung vào phát triển các ứng dụng phi tập trung.',
        'Blockchain Developer (Solidity, Ethereum)', b'1', 3, 4, 45000000, 70000000, '2026-01-05', 'BLOCKCHAIN', 10),
       (86, b'1', '2026-06-25', 'Vị trí DevOps Engineer tập trung triển khai CI/CD và tối ưu hóa hệ thống.',
        'DevOps Engineer (Docker, Kubernetes)', b'1', 4, 5, 40000000, 60000000, '2026-01-10', 'DEVOPS', 11),
       (87, b'1', '2026-07-12', 'Vị trí Data Analyst phân tích và trực quan hóa dữ liệu.',
        'Data Analyst (Power BI, Tableau)', b'1', 3, 3, 35000000, 50000000, '2026-01-15', 'DATA_ANALYST', 6),
       (88, b'1', '2026-08-30', 'Vị trí Fullstack Developer phát triển toàn diện các ứng dụng web.',
        'Fullstack Developer (ReactJS, Node.js)', b'1', 4, 4, 40000000, 60000000, '2026-01-20', 'FULLSTACK', 7),
       (89, b'1', '2026-09-14', 'Vị trí Game Developer chuyên phát triển các trò chơi với Unity.',
        'Game Developer (Unity, C#)', b'1', 3, 3, 35000000, 50000000, '2026-01-25', 'GAME', 8),
       (90, b'1', '2026-10-10', 'Vị trí Product Manager quản lý chiến lược phát triển sản phẩm.',
        'Product Manager (Agile, Leadership)', b'1', 5, 6, 45000000, 65000000, '2026-01-30', 'PRODUCT_MANAGER', 9),
       (91, b'1', '2026-01-20',
        'Vị trí Data Visualization Specialist chịu trách nhiệm tạo các biểu đồ và báo cáo trực quan hóa dữ liệu để hỗ trợ quyết định kinh doanh.',
        'Data Visualization Specialist (Tableau, Power BI)', b'1', 4, 2, 30000000, 45000000, '2025-12-01',
        'DATA_ANALYST', 6),
       (92, b'1', '2026-02-18',
        'Vị trí Machine Learning Engineer chuyên xây dựng và triển khai các mô hình học máy trong sản phẩm.',
        'Machine Learning Engineer (Python, Scikit-learn)', b'1', 3, 4, 40000000, 60000000, '2025-12-10',
        'MACHINE_LEARNING', 7),
       (93, b'1', '2026-03-25',
        'Vị trí Cybersecurity Engineer tập trung vào bảo mật hệ thống và phòng chống các mối đe dọa mạng.',
        'Cybersecurity Engineer (Firewall, SIEM)', b'1', 5, 5, 45000000, 70000000, '2025-12-15', 'CYBER_SECURITY', 8),
       (94, b'1', '2026-04-30',
        'Vị trí UI/UX Designer chịu trách nhiệm thiết kế giao diện người dùng và cải thiện trải nghiệm người dùng.',
        'UI/UX Designer (Figma, Adobe XD)', b'1', 4, 3, 35000000, 50000000, '2025-12-20', 'DESIGN', 9),
       (95, b'1', '2026-05-22',
        'Vị trí Full Stack Developer phát triển ứng dụng từ frontend đến backend với React và Node.js.',
        'Full Stack Developer (React, Node.js)', b'1', 4, 4, 40000000, 60000000, '2025-12-25', 'FULLSTACK', 10),
       (96, b'1', '2026-06-10',
        'Vị trí Database Developer chịu trách nhiệm thiết kế và quản lý cơ sở dữ liệu hiệu quả.',
        'Database Developer (MySQL, PostgreSQL)', b'1', 3, 4, 35000000, 50000000, '2025-12-30', 'DATABASE', 11),
       (97, b'1', '2026-07-05',
        'Vị trí Product Marketing Manager tập trung vào phát triển chiến lược tiếp thị sản phẩm.',
        'Product Marketing Manager (SEO, Content Strategy)', b'1', 5, 6, 45000000, 65000000, '2026-01-05', 'MARKETING',
        6),
       (98, b'1', '2026-08-15',
        'Vị trí Technical Project Manager quản lý các dự án kỹ thuật từ khởi đầu đến hoàn thành.',
        'Technical Project Manager (Agile, Scrum)', b'1', 5, 5, 50000000, 70000000, '2026-01-10', 'PROJECT_MANAGER', 7),
       (99, b'1', '2026-09-20',
        'Vị trí Blockchain Architect thiết kế và triển khai các giải pháp blockchain cho doanh nghiệp.',
        'Blockchain Architect (Ethereum, Hyperledger)', b'1', 4, 7, 60000000, 80000000, '2026-01-15', 'BLOCKCHAIN', 8),
       (100, b'1', '2026-10-25', 'Vị trí AI Product Manager quản lý phát triển sản phẩm sử dụng trí tuệ nhân tạo.',
        'AI Product Manager (Leadership, AI Strategy)', b'1', 5, 6, 55000000, 75000000, '2026-01-20', 'PRODUCT_MANAGER',
        9),
       (101, b'1', '2026-01-15',
        'Vị trí Full Stack Developer chịu trách nhiệm phát triển toàn diện từ frontend đến backend với JavaScript và Node.js.',
        'Full Stack Developer (JavaScript, Node.js)', b'1', 4, 3, 40000000, 60000000, '2025-12-01', 'FULLSTACK', 6),
       (102, b'1', '2026-02-20',
        'Vị trí Data Engineer chịu trách nhiệm xây dựng pipeline dữ liệu và tối ưu hóa luồng dữ liệu cho các ứng dụng lớn.',
        'Data Engineer (Python, ETL)', b'1', 3, 4, 35000000, 50000000, '2025-12-10', 'DATA_ANALYST', 7),
       (103, b'1', '2026-03-10',
        'Vị trí Cybersecurity Engineer tập trung vào bảo mật hệ thống và phòng chống các mối đe dọa mạng.',
        'Cybersecurity Engineer (Firewall, SIEM)', b'1', 5, 5, 45000000, 70000000, '2025-12-15', 'CYBER_SECURITY', 8),
       (104, b'1', '2026-04-05',
        'Vị trí UI/UX Designer chịu trách nhiệm thiết kế giao diện người dùng và cải thiện trải nghiệm người dùng.',
        'UI/UX Designer (Figma, Adobe XD)', b'1', 4, 3, 35000000, 50000000, '2025-12-20', 'DESIGN', 9),
       (105, b'1', '2026-05-18',
        'Vị trí Full Stack Developer phát triển ứng dụng từ frontend đến backend với React và Node.js.',
        'Full Stack Developer (React, Node.js)', b'1', 4, 4, 40000000, 60000000, '2025-12-25', 'FULLSTACK', 10),
       (106, b'1', '2026-06-10',
        'Vị trí Database Developer chịu trách nhiệm thiết kế và quản lý cơ sở dữ liệu hiệu quả.',
        'Database Developer (MySQL, PostgreSQL)', b'1', 3, 4, 35000000, 50000000, '2025-12-30', 'DATABASE', 11),
       (107, b'1', '2026-07-05',
        'Vị trí Product Marketing Manager tập trung vào phát triển chiến lược tiếp thị sản phẩm.',
        'Product Marketing Manager (SEO, Content Strategy)', b'1', 5, 6, 45000000, 65000000, '2026-01-05', 'MARKETING',
        6),
       (108, b'1', '2026-08-15',
        'Vị trí Technical Project Manager quản lý các dự án kỹ thuật từ khởi đầu đến hoàn thành.',
        'Technical Project Manager (Agile, Scrum)', b'1', 5, 5, 50000000, 70000000, '2026-01-10', 'PROJECT_MANAGER', 7),
       (109, b'1', '2026-09-20',
        'Vị trí Blockchain Architect thiết kế và triển khai các giải pháp blockchain cho doanh nghiệp.',
        'Blockchain Architect (Ethereum, Hyperledger)', b'1', 4, 7, 60000000, 80000000, '2026-01-15', 'BLOCKCHAIN', 8),
       (110, b'1', '2026-10-25', 'Vị trí AI Product Manager quản lý phát triển sản phẩm sử dụng trí tuệ nhân tạo.',
        'AI Product Manager (Leadership, AI Strategy)', b'1', 5, 6, 55000000, 75000000, '2026-01-20', 'PRODUCT_MANAGER',
        9);

-- Dumping structure for table candidate_db.job_skill
CREATE TABLE IF NOT EXISTS `job_skill`
(
    `id`          bigint(20) NOT NULL AUTO_INCREMENT,
    `more_info`   varchar(255) CHARACTER SET utf8mb4 COLLATE utf8mb4_unicode_ci       DEFAULT NULL,
    `skill_level` enum ('ADVANCED','BEGINNER','INTERMEDIATE','MASTER','PROFESSIONAL') DEFAULT NULL,
    `job_id`      bigint(20)                                                          DEFAULT NULL,
    `skill_id`    bigint(20)                                                          DEFAULT NULL,
    PRIMARY KEY (`id`),
    KEY `FK9ix4wg520ii2gu2felxdhdup6` (`job_id`),
    KEY `FKj33qbbf3vk1lvhqpcosnh54u1` (`skill_id`),
    CONSTRAINT `FK9ix4wg520ii2gu2felxdhdup6` FOREIGN KEY (`job_id`) REFERENCES `job` (`id`),
    CONSTRAINT `FKj33qbbf3vk1lvhqpcosnh54u1` FOREIGN KEY (`skill_id`) REFERENCES `skill` (`id`)
) ENGINE = InnoDB
  AUTO_INCREMENT = 658
  DEFAULT CHARSET = latin1
  COLLATE = latin1_swedish_ci;



-- Dumping structure for table candidate_db.skill
CREATE TABLE IF NOT EXISTS `skill`
(
    `id`                bigint(20) NOT NULL AUTO_INCREMENT,
    `skill_description` varchar(255) CHARACTER SET utf8mb4 COLLATE utf8mb4_unicode_ci DEFAULT NULL,
    `skill_name`        varchar(255) CHARACTER SET utf8mb4 COLLATE utf8mb4_unicode_ci DEFAULT NULL,
    `type`              enum ('SOFT_SKILL','TECHNICAL_SKILL','UNSPECIFIC')            DEFAULT NULL,
    PRIMARY KEY (`id`)
) ENGINE = InnoDB
  AUTO_INCREMENT = 136
  DEFAULT CHARSET = latin1
  COLLATE = latin1_swedish_ci;

-- Dumping data for table candidate_db.skill: ~115 rows (approximately)
DELETE
FROM `skill`;
INSERT INTO `skill` (`id`, `skill_description`, `skill_name`, `type`)
VALUES (1, 'Khả năng truyền đạt thông tin một cách rõ ràng và hiệu quả.', 'Giao Tiếp', 'SOFT_SKILL'),
       (2, 'Kỹ năng viết mã và phát triển ứng dụng bằng ngôn ngữ Java.', 'Lập Trình Java', 'TECHNICAL_SKILL'),
       (3, 'Khả năng tổ chức và quản lý thời gian hiệu quả để hoàn thành công việc.', 'Quản Lý Thời Gian',
        'SOFT_SKILL'),
       (4, 'Khả năng thu thập, xử lý và phân tích dữ liệu để đưa ra quyết định.', 'Phân Tích Dữ Liệu',
        'TECHNICAL_SKILL'),
       (5, 'Khả năng hợp tác và làm việc hiệu quả trong nhóm.', 'Làm Việc Nhóm', 'SOFT_SKILL'),
       (6, 'Kỹ năng thiết kế giao diện người dùng và trải nghiệm người dùng.', 'Thiết Kế UI/UX', 'TECHNICAL_SKILL'),
       (7, 'Khả năng tìm ra giải pháp cho các vấn đề phát sinh trong công việc.', 'Giải Quyết Vấn Đề', 'SOFT_SKILL'),
       (8, 'Kỹ năng xây dựng và duy trì các trang web và ứng dụng web.', 'Phát Triển Web', 'TECHNICAL_SKILL'),
       (9, 'Khả năng đánh giá và phân tích thông tin một cách logic và có hệ thống.', 'Tư Duy Phản Biện', 'SOFT_SKILL'),
       (10, 'Kỹ năng thiết lập, quản lý và bảo trì các hệ thống mạng máy tính.', 'Quản Trị Mạng', 'TECHNICAL_SKILL'),
       (11, 'Khả năng dẫn dắt và quản lý đội nhóm đạt được mục tiêu chung.', 'Lãnh Đạo', 'SOFT_SKILL'),
       (12, 'Kỹ năng bảo vệ hệ thống mạng khỏi các mối đe dọa và tấn công.', 'An Ninh Mạng', 'TECHNICAL_SKILL'),
       (13, 'Khả năng đạt được thỏa thuận có lợi trong các tình huống thương lượng.', 'Thương Lượng', 'SOFT_SKILL'),
       (14, 'Kỹ năng xây dựng và phát triển các ứng dụng cho điện thoại di động.', 'Phát Triển Ứng Dụng Di Động',
        'TECHNICAL_SKILL'),
       (15, 'Khả năng lập kế hoạch, tổ chức và quản lý các dự án từ đầu đến cuối.', 'Quản Lý Dự Án', 'SOFT_SKILL'),
       (16, 'Kỹ năng áp dụng các thuật toán học máy để phân tích và dự đoán dữ liệu.', 'Học Máy (Machine Learning)',
        'TECHNICAL_SKILL'),
       (17, 'Khả năng phát triển các ý tưởng mới và đổi mới trong công việc.', 'Sáng Tạo', 'SOFT_SKILL'),
       (18, 'Kỹ năng thiết kế, quản lý và bảo trì cơ sở dữ liệu.', 'Quản Lý Cơ Sở Dữ Liệu', 'TECHNICAL_SKILL'),
       (19, 'Khả năng thương lượng để đạt được các thỏa thuận tốt nhất.', 'Đàm Phán', 'SOFT_SKILL'),
       (20, 'Kỹ năng thiết kế, phát triển và kiểm thử phần mềm.', 'Phát Triển Phần Mềm', 'TECHNICAL_SKILL'),
       (21, 'Khả năng sắp xếp và quản lý công việc một cách hiệu quả.', 'Tổ Chức', 'SOFT_SKILL'),
       (22, 'Kỹ năng đánh giá và thiết kế các hệ thống công nghệ thông tin.', 'Phân Tích Hệ Thống', 'TECHNICAL_SKILL'),
       (23, 'Khả năng trình bày thông tin một cách rõ ràng và thuyết phục trước đám đông.', 'Thuyết Trình',
        'SOFT_SKILL'),
       (24, 'Kỹ năng áp dụng phương pháp Agile trong phát triển phần mềm.', 'Phát Triển Phần Mềm Agile',
        'TECHNICAL_SKILL'),
       (25, 'Khả năng duy trì hiệu suất làm việc tốt dưới áp lực cao.', 'Quản Lý Căng Thẳng', 'SOFT_SKILL'),
       (26, 'Kỹ năng kiểm tra và đảm bảo chất lượng phần mềm.', 'Kiểm Thử Phần Mềm', 'TECHNICAL_SKILL'),
       (27, 'Khả năng tập trung vào việc đạt được mục tiêu và kết quả.', 'Định Hướng Kết Quả', 'SOFT_SKILL'),
       (28, 'Kỹ năng xây dựng giao diện người dùng cho các ứng dụng web.', 'Phát Triển Frontend', 'TECHNICAL_SKILL'),
       (29, 'Khả năng ảnh hưởng và thuyết phục người khác để đạt được mục tiêu.', 'Kỹ Năng Thuyết Phục', 'SOFT_SKILL'),
       (30, 'Kỹ năng lập kế hoạch và quản lý vòng đời sản phẩm từ ý tưởng đến thị trường.', 'Quản Lý Sản Phẩm',
        'TECHNICAL_SKILL'),
       (31, 'Khả năng nghĩ ra các ý tưởng mới và đột phá trong công việc.', 'Tư Duy Sáng Tạo', 'SOFT_SKILL'),
       (32, 'Kỹ năng kết hợp phát triển phần mềm và vận hành hệ thống để nâng cao hiệu quả.', 'DevOps',
        'TECHNICAL_SKILL'),
       (33, 'Khả năng nghe hiểu và phản hồi một cách hiệu quả trong giao tiếp.', 'Kỹ Năng Lắng Nghe', 'SOFT_SKILL'),
       (34, 'Kỹ năng xây dựng và quản lý phần backend của các ứng dụng web.', 'Phát Triển Backend', 'TECHNICAL_SKILL'),
       (35, 'Khả năng điều hành và thích ứng với các thay đổi trong môi trường làm việc.', 'Quản Lý Thay Đổi',
        'SOFT_SKILL'),
       (36, 'Kỹ năng sử dụng và quản lý các dịch vụ đám mây như AWS, Azure, hoặc Google Cloud.', 'Cloud Computing',
        'TECHNICAL_SKILL'),
       (37, 'Khả năng lên kế hoạch và tổ chức các sự kiện một cách hiệu quả.', 'Kỹ Năng Tổ Chức Sự Kiện', 'SOFT_SKILL'),
       (38, 'Kỹ năng thiết kế và phát triển các giao diện lập trình ứng dụng (API).', 'Phát Triển API',
        'TECHNICAL_SKILL'),
       (39, 'Khả năng xử lý và giải quyết các xung đột trong nhóm làm việc.', 'Quản Lý Xung Đột', 'SOFT_SKILL'),
       (40, 'Kỹ năng phân tích nhu cầu kinh doanh và đề xuất giải pháp công nghệ phù hợp.', 'Phân Tích Kinh Doanh',
        'TECHNICAL_SKILL'),
       (41, 'Kỹ năng giao tiếp trong môi trường làm việc nhóm và với khách hàng.', 'Giao Tiếp Hiệu Quả', 'UNSPECIFIC'),
       (42, 'Khả năng lập kế hoạch và quản lý công việc hiệu quả.', 'Lập Kế Hoạch', 'UNSPECIFIC'),
       (43, 'Kỹ năng tư duy logic để giải quyết vấn đề.', 'Tư Duy Logic', 'UNSPECIFIC'),
       (44, 'Kỹ năng trình bày ý tưởng và nội dung một cách rõ ràng, thuyết phục.', 'Thuyết Trình', 'UNSPECIFIC'),
       (45, 'Khả năng phân bổ thời gian hợp lý để đạt được mục tiêu.', 'Quản Lý Thời Gian', 'UNSPECIFIC'),
       (46, 'Kỹ năng phối hợp và làm việc hiệu quả với đội nhóm.', 'Làm Việc Nhóm', 'UNSPECIFIC'),
       (47, 'Khả năng xử lý các tình huống mâu thuẫn và bất đồng ý kiến.', 'Giải Quyết Xung Đột', 'UNSPECIFIC'),
       (48, 'Kỹ năng xác định nguyên nhân và đưa ra giải pháp phù hợp.', 'Phân Tích Vấn Đề', 'UNSPECIFIC'),
       (49, 'Khả năng tổ chức và sắp xếp công việc một cách khoa học.', 'Tổ Chức Công Việc', 'UNSPECIFIC'),
       (50, 'Kỹ năng đưa ra các quyết định chính xác và kịp thời.', 'Ra Quyết Định', 'UNSPECIFIC'),
       (51, 'Khả năng dẫn dắt và tạo động lực cho đội nhóm.', 'Kỹ Năng Lãnh Đạo', 'UNSPECIFIC'),
       (52, 'Khả năng thích nghi với các thay đổi trong môi trường làm việc.', 'Kỹ Năng Thích Ứng', 'UNSPECIFIC'),
       (53, 'Khả năng đưa ra các ý tưởng mới và giải pháp sáng tạo.', 'Tư Duy Sáng Tạo', 'UNSPECIFIC'),
       (54, 'Kỹ năng làm việc hiệu quả dưới áp lực cao.', 'Quản Lý Áp Lực', 'UNSPECIFIC'),
       (55, 'Khả năng thương lượng và đạt được thỏa thuận có lợi.', 'Kỹ Năng Đàm Phán', 'UNSPECIFIC'),
       (56, 'Khả năng phân tích và hiểu các dữ liệu phức tạp.', 'Đọc Hiểu Dữ Liệu', 'UNSPECIFIC'),
       (57, 'Kỹ năng viết và trình bày báo cáo một cách chuyên nghiệp.', 'Viết Báo Cáo', 'UNSPECIFIC'),
       (58, 'Khả năng học hỏi và cải thiện kỹ năng cá nhân.', 'Kỹ Năng Học Tập', 'UNSPECIFIC'),
       (59, 'Khả năng phân tích các vấn đề phức tạp một cách rõ ràng.', 'Tư Duy Phân Tích', 'UNSPECIFIC'),
       (60, 'Kỹ năng lắng nghe để hiểu và đáp ứng nhu cầu của người khác.', 'Lắng Nghe Chủ Động', 'UNSPECIFIC'),
       (61, 'Khả năng sử dụng các công cụ và công nghệ hỗ trợ công việc.', 'Sử Dụng Công Nghệ', 'UNSPECIFIC'),
       (62, 'Khả năng quan sát và nhận diện các chi tiết quan trọng.', 'Kỹ Năng Quan Sát', 'UNSPECIFIC'),
       (63, 'Kỹ năng giám sát và đánh giá hiệu quả công việc.', 'Giám Sát Công Việc', 'UNSPECIFIC'),
       (64, 'Khả năng cải tiến và tối ưu các quy trình làm việc.', 'Tối Ưu Quy Trình', 'UNSPECIFIC'),
       (65, 'Khả năng nhận diện và quản lý các rủi ro tiềm ẩn.', 'Quản Lý Rủi Ro', 'UNSPECIFIC'),
       (66, 'Kỹ năng tạo động lực cho bản thân và đồng nghiệp.', 'Tạo Động Lực', 'UNSPECIFIC'),
       (67, 'Khả năng phân bổ nguồn lực một cách hiệu quả.', 'Quản Lý Nguồn Lực', 'UNSPECIFIC'),
       (68, 'Kỹ năng giao tiếp và làm việc trong môi trường đa văn hóa.', 'Giao Tiếp Liên Văn Hóa', 'UNSPECIFIC'),
       (69, 'Khả năng định hướng và phát triển chiến lược dài hạn.', 'Định Hướng Chiến Lược', 'UNSPECIFIC'),
       (70, 'Kỹ năng giám sát và đảm bảo chất lượng công việc.', 'Quản Lý Chất Lượng', 'UNSPECIFIC'),
       (71, 'Framework front-end phổ biến để xây dựng các thành phần giao diện người dùng.', 'ReactJS',
        'TECHNICAL_SKILL'),
       (72, 'Framework back-end được sử dụng để phát triển web.', 'Spring Boot', 'TECHNICAL_SKILL'),
       (73, 'Ngôn ngữ lập trình dùng để phát triển phần mềm hệ thống và ứng dụng.', 'Python', 'TECHNICAL_SKILL'),
       (74, 'Hệ thống quản lý phiên bản dùng để theo dõi các thay đổi của mã nguồn.', 'Git', 'TECHNICAL_SKILL'),
       (75, 'Framework dùng để phát triển ứng dụng di động đa nền tảng.', 'React Native', 'TECHNICAL_SKILL'),
       (76, 'Framework phát triển ứng dụng phía server.', 'Django', 'TECHNICAL_SKILL'),
       (77, 'Hệ quản trị cơ sở dữ liệu quan hệ.', 'MySQL', 'TECHNICAL_SKILL'),
       (78, 'Cơ sở dữ liệu NoSQL được sử dụng để lưu trữ dữ liệu lớn.', 'MongoDB', 'TECHNICAL_SKILL'),
       (79, 'Ngôn ngữ lập trình dành cho các ứng dụng doanh nghiệp.', 'Java', 'TECHNICAL_SKILL'),
       (80, 'Ngôn ngữ lập trình dùng cho tính toán thống kê và đồ họa.', 'R', 'TECHNICAL_SKILL'),
       (81, 'Công cụ tự động hóa quá trình build và quản lý dependency.', 'Maven', 'TECHNICAL_SKILL'),
       (82, 'Framework để xây dựng các ứng dụng web mở rộng.', 'Node.js', 'TECHNICAL_SKILL'),
       (83, 'Dịch vụ điện toán đám mây.', 'AWS', 'TECHNICAL_SKILL'),
       (84, 'Công cụ đóng gói container và triển khai ứng dụng.', 'Docker', 'TECHNICAL_SKILL'),
       (85, 'Hệ thống điều phối container.', 'Kubernetes', 'TECHNICAL_SKILL'),
       (86, 'Ngôn ngữ lập trình dùng để thao tác và phân tích dữ liệu.', 'SQL', 'TECHNICAL_SKILL'),
       (87, 'Framework CSS hỗ trợ phát triển giao diện web.', 'Bootstrap', 'TECHNICAL_SKILL'),
       (88, 'Ngôn ngữ lập trình dành cho các ứng dụng nhanh và mở rộng.', 'Go', 'TECHNICAL_SKILL'),
       (89, 'Framework kiểm thử ứng dụng JavaScript.', 'Jest', 'TECHNICAL_SKILL'),
       (90, 'Ngôn ngữ lập trình được sử dụng cho phát triển web, backend và nhiều mục đích khác.', 'JavaScript',
        'TECHNICAL_SKILL'),
       (91, 'Framework xử lý dữ liệu thời gian thực và phân tán.', 'Apache Spark', 'TECHNICAL_SKILL'),
       (92, 'Framework phát triển ứng dụng dành cho iOS.', 'Swift', 'TECHNICAL_SKILL'),
       (93, 'Ngôn ngữ lập trình hỗ trợ mạnh mẽ phát triển web và ứng dụng.', 'PHP', 'TECHNICAL_SKILL'),
       (94, 'Công cụ quản lý cơ sở dữ liệu phổ biến.', 'PostgreSQL', 'TECHNICAL_SKILL'),
       (95, 'Framework cho phát triển ứng dụng web nhanh chóng.', 'Ruby on Rails', 'TECHNICAL_SKILL'),
       (96, 'Thư viện xử lý dữ liệu khoa học và số học.', 'NumPy', 'TECHNICAL_SKILL'),
       (97, 'Thư viện để trực quan hóa dữ liệu.', 'Matplotlib', 'TECHNICAL_SKILL'),
       (98, 'Thư viện học sâu phổ biến trong lĩnh vực trí tuệ nhân tạo.', 'TensorFlow', 'TECHNICAL_SKILL'),
       (99, 'Framework phát triển ứng dụng đa nền tảng.', 'Flutter', 'TECHNICAL_SKILL'),
       (100, 'Hệ quản trị cơ sở dữ liệu không quan hệ, hiệu năng cao.', 'Cassandra', 'TECHNICAL_SKILL'),
       (101, 'Framework phát triển ứng dụng với khả năng chịu tải cao.', 'ASP.NET Core', 'TECHNICAL_SKILL'),
       (102, 'Ngôn ngữ lập trình mạnh mẽ, hiệu suất cao.', 'C++', 'TECHNICAL_SKILL'),
       (103, 'Ngôn ngữ lập trình tập trung vào bảo mật và hiệu quả.', 'Rust', 'TECHNICAL_SKILL'),
       (104, 'Công cụ quản lý container dựa trên file YAML.', 'Helm', 'TECHNICAL_SKILL'),
       (105, 'Thư viện JavaScript hỗ trợ quản lý trạng thái.', 'Redux', 'TECHNICAL_SKILL'),
       (106, 'Công cụ kiểm thử và phát triển API.', 'Postman', 'TECHNICAL_SKILL'),
       (107, 'Công cụ CI/CD tự động hóa triển khai phần mềm.', 'Jenkins', 'TECHNICAL_SKILL'),
       (108, 'Thư viện học máy dành cho Python.', 'Scikit-learn', 'TECHNICAL_SKILL'),
       (109, 'Framework CSS hỗ trợ phát triển giao diện hiện đại.', 'TailwindCSS', 'TECHNICAL_SKILL'),
       (110, 'Công cụ phân tích dữ liệu lớn và xử lý song song.', 'Apache Hadoop', 'TECHNICAL_SKILL'),
       (131, 'Kỹ năng giao tiếp và viết bằng tiếng Anh.', 'Tiếng Anh', 'SOFT_SKILL'),
       (132, 'Ngôn ngữ phổ biến trong giao tiếp và công việc tại các quốc gia Đông Á.', 'Tiếng Trung', 'SOFT_SKILL'),
       (133, 'Ngôn ngữ được sử dụng rộng rãi tại các quốc gia Châu Âu.', 'Tiếng Đức', 'SOFT_SKILL'),
       (134, 'Ngôn ngữ phổ biến tại các nước nói tiếng Tây Ban Nha.', 'Tiếng Tây Ban Nha', 'SOFT_SKILL'),
       (135, 'Ngôn ngữ chính thức tại Nhật Bản.', 'Tiếng Nhật', 'SOFT_SKILL');


-- Dumping data for table candidate_db.accounts: ~21 rows (approximately)
DELETE
FROM `accounts`;
INSERT INTO `accounts` (`id`, `password`, `role`, `candidate_id`, `company_id`)
VALUES (1, '$2a$10$OUURsgluvviQz134StbE8uVm9ZY5U/CnE1U1WC.Nv/BLgcK9wRjcC', 'EMPLOYER', NULL, 1),
       (2, '$2a$10$yn10QyVQXp/mdaob5g1w.efG.PWH7UbO7uLoTzJ/qnKTTPePKuENS', 'EMPLOYER', NULL, 2),
       (3, '$2a$10$eAHm1I6M.rkputaZvmS5yu1NSjBmjtaCDpZFdwBHymw2xAN3oCIse', 'EMPLOYER', NULL, 3),
       (4, '$2a$10$q5Ug04p8omxEUe97wxDr.O9tCv3C4y4YHjMrD6Km1pQ/M0btf2jMO', 'EMPLOYER', NULL, 4),
       (5, '$2a$10$FBqwS5nc0C.NhWGMEbZjQ.KQu6bsYgMyzN1kgQ73ObDwPjO93J//S', 'EMPLOYER', NULL, 5),
       (6, '$2a$10$VUratYBPNoKgWnnnOErWgOOPpRqcO9y3tSDtvpioJV1YMr4w8GvXq', 'EMPLOYER', NULL, 6),
       (7, '$2a$10$rWi1BZqLAKhqZcPcNI2cjeCco2Y2vlOEQUTWhSkr/GPq5hIkEJrrm', 'EMPLOYER', NULL, 7),
       (8, '$2a$10$RzsTKcQFHx2VcunUPjLCEeBQ4W.DhDt6yLrQmE7qdrEemBte3CU3C', 'EMPLOYER', NULL, 8),
       (9, '$2a$10$pGlaXu6qqzo7zBineTLK8..4PtNlmxduIeqkaiuV5U/lwN.5X7efe', 'CANDIDATE', 1, NULL),
       (10, '$2a$10$x0pjfsAkjN.EyXtstzuXnevM2KrXCZUn76F7jIHmTQ03GaqHmB4Su', 'EMPLOYER', NULL, 9),
       (11, '$2a$10$kfPJoPCb9RduOhBsBjFe7eBdkbrLU.b/T85WPcn1pKEreh9bG558G', 'EMPLOYER', NULL, 10),
       (12, '$2a$10$opVEUSID3MCMzDBMOVoLDu8ZdMusj8JQr4mIBfsa79YFx6IY3rzlC', 'EMPLOYER', NULL, 11),
       (13, '$2a$10$Of7jvyW2xpmnZ7f3b4Ux3O/oNjaO3/9.nOl/Gw7JvoEy/X/zKhxVy', 'CANDIDATE', 2, NULL),
       (14, '$2a$10$.l3kOpJ9lyLyLHvTaHpyPupwXCUZCwFibbQQccmiUk14DJsrv7Vw.', 'CANDIDATE', 3, NULL),
       (15, '$2a$10$YpJHJXmuS8o6XxRXr44gge.w/8k0volWaiz3Ohwq90Pb1AcV6PEe2', 'CANDIDATE', 4, NULL),
       (16, '$2a$10$ekO1HPcDq91zM2zbY3pzk.yiNmUdkcp7/m4PE24uIqcbb.y0ddIKu', 'CANDIDATE', 5, NULL),
       (17, '$2a$10$VeinKOpe7f5Iayb/G2tHb.H1svcS.ysODzVi3.QqKzaoPd.bmitBe', 'CANDIDATE', 6, NULL),
       (18, '$2a$10$DPK0AhG6g9QfLH9GDEosFus1kcRuRCSJWQ3xMXxaS0HOsaKwUR6nW', 'CANDIDATE', 7, NULL),
       (19, '$2a$10$0fZX8DzwhLF7S44OFRw65uA7KgjPCSKFNNUH9g3sBck1cl5FehzIW', 'CANDIDATE', 8, NULL),
       (20, '$2a$10$IEcRw59oD/0cOYgxfPYVy.EE4K2vp1Ls19hasdJK/HSWy74YhpVrK', 'CANDIDATE', 9, NULL),
       (21, '$2a$10$t8RtKPsVxN1ImV4JPX3EDOcoIwtgsqBIujIPTyQNp2tMIvdT./II6', 'CANDIDATE', 10, NULL);


-- Dumping data for table candidate_db.candidate_skill: ~9 rows (approximately)
DELETE
FROM `candidate_skill`;
INSERT INTO `candidate_skill` (`id`, `more_info`, `skill_level`, `candidate_id`, `skill_id`)
VALUES (17, '', 'BEGINNER', 3, 13),
       (18, '', 'ADVANCED', 3, 6),
       (19, '', 'MASTER', 3, 12),
       (32, 'Biết sử dụng Hibernate, SpringBoot, ...', 'PROFESSIONAL', 1, 2),
       (33, 'Python', 'ADVANCED', 1, 4),
       (34, 'ReactNative, Flutter', 'PROFESSIONAL', 1, 14),
       (35, 'Biết xây dụng các testcase, biết sử dụng JUnit, Nunit, Selium', 'PROFESSIONAL', 1, 26),
       (36, '', 'BEGINNER', 1, 131),
       (37, 'Java, NodeJS', 'PROFESSIONAL', 1, 34);

-- Dumping structure for table candidate_db.company
CREATE TABLE IF NOT EXISTS `company`
(
    `id`         bigint(20) NOT NULL AUTO_INCREMENT,
    `about`      text CHARACTER SET utf8mb4 COLLATE utf8mb4_unicode_ci         DEFAULT NULL,
    `email`      varchar(255) CHARACTER SET utf8mb4 COLLATE utf8mb4_unicode_ci DEFAULT NULL,
    `logo_url`   varchar(255)                                                  DEFAULT NULL,
    `name`       varchar(255) CHARACTER SET utf8mb4 COLLATE utf8mb4_unicode_ci DEFAULT NULL,
    `phone`      varchar(20) CHARACTER SET utf8mb4 COLLATE utf8mb4_unicode_ci  DEFAULT NULL,
    `web_url`    varchar(255) CHARACTER SET utf8mb4 COLLATE utf8mb4_unicode_ci DEFAULT NULL,
    `address_id` bigint(20)                                                    DEFAULT NULL,
    PRIMARY KEY (`id`),
    UNIQUE KEY `UKh2rewspdf9bnwpbt1nauwiaww` (`address_id`),
    CONSTRAINT `FKgfifm4874ce6mecwj54wdb3ma` FOREIGN KEY (`address_id`) REFERENCES `address` (`id`)
) ENGINE = InnoDB
  AUTO_INCREMENT = 12
  DEFAULT CHARSET = latin1
  COLLATE = latin1_swedish_ci;

-- Dumping data for table candidate_db.candidate_apply_jobs: ~5 rows (approximately)
DELETE
FROM `candidate_apply_jobs`;
INSERT INTO `candidate_apply_jobs` (`id`, `apply_date`, `candidate_id`, `job_id`)
VALUES (1, '2024-12-13', 1, 2),
       (2, '2024-12-13', 1, 3),
       (3, '2024-12-13', 1, 15),
       (4, '2024-12-13', 2, 15),
       (5, '2024-12-13', 3, 2);

-- Dumping data for table candidate_db.job_skill: ~586 rows (approximately)
DELETE
FROM `job_skill`;
INSERT INTO `job_skill` (`id`, `more_info`, `skill_level`, `job_id`, `skill_id`)
VALUES (2, '', 'PROFESSIONAL', 2, 2),
       (3, '', 'BEGINNER', 2, 4),
       (4, '', 'INTERMEDIATE', 2, 6),
       (5, '', 'PROFESSIONAL', 2, 14),
       (6, '', 'INTERMEDIATE', 2, 45),
       (7, '', 'INTERMEDIATE', 2, 20),
       (8, '', 'BEGINNER', 2, 32),
       (9, '', 'ADVANCED', 2, 38),
       (10, '', 'PROFESSIONAL', 2, 9),
       (11, '', 'INTERMEDIATE', 3, 3),
       (12, '', 'PROFESSIONAL', 3, 18),
       (13, '', 'ADVANCED', 3, 10),
       (14, '', 'INTERMEDIATE', 3, 15),
       (15, '', 'BEGINNER', 3, 12),
       (16, '', 'PROFESSIONAL', 3, 11),
       (17, '', 'INTERMEDIATE', 3, 29),
       (18, '', 'INTERMEDIATE', 3, 32),
       (19, '', 'INTERMEDIATE', 3, 64),
       (20, '', 'MASTER', 3, 10),
       (21, '', 'ADVANCED', 3, 41),
       (22, '', 'INTERMEDIATE', 3, 44),
       (23, '', 'INTERMEDIATE', 3, 27),
       (24, '', 'PROFESSIONAL', 3, 49),
       (25, '', 'MASTER', 4, 2),
       (26, '', 'PROFESSIONAL', 4, 53),
       (27, '', 'ADVANCED', 4, 7),
       (28, '', 'PROFESSIONAL', 4, 20),
       (29, '', 'PROFESSIONAL', 4, 22),
       (30, '', 'ADVANCED', 4, 34),
       (31, '', 'INTERMEDIATE', 4, 38),
       (32, '', 'BEGINNER', 4, 70),
       (33, '', 'INTERMEDIATE', 4, 69),
       (34, '', 'ADVANCED', 4, 15),
       (35, '', 'MASTER', 5, 2),
       (36, '', 'ADVANCED', 5, 18),
       (37, '', 'ADVANCED', 5, 3),
       (38, '', 'ADVANCED', 5, 33),
       (39, '', 'BEGINNER', 6, 10),
       (40, '', 'ADVANCED', 6, 2),
       (41, '', 'INTERMEDIATE', 6, 15),
       (42, '', 'ADVANCED', 6, 20),
       (43, '', 'PROFESSIONAL', 6, 6),
       (44, '', 'ADVANCED', 6, 12),
       (45, '', 'PROFESSIONAL', 7, 32),
       (46, '', 'PROFESSIONAL', 7, 24),
       (47, '', 'BEGINNER', 7, 58),
       (48, '', 'ADVANCED', 7, 5),
       (49, '', 'PROFESSIONAL', 7, 66),
       (50, '', 'INTERMEDIATE', 7, 64),
       (51, '', 'INTERMEDIATE', 7, 63),
       (52, '', 'PROFESSIONAL', 8, 2),
       (53, '', 'PROFESSIONAL', 8, 6),
       (54, '', 'INTERMEDIATE', 8, 15),
       (55, '', 'PROFESSIONAL', 8, 21),
       (56, '', 'MASTER', 8, 38),
       (57, '', 'PROFESSIONAL', 8, 8),
       (58, '', 'PROFESSIONAL', 9, 8),
       (59, '', 'ADVANCED', 9, 3),
       (60, '', 'BEGINNER', 9, 12),
       (61, '', 'BEGINNER', 9, 6),
       (62, '', 'INTERMEDIATE', 9, 13),
       (63, '', 'ADVANCED', 9, 17),
       (64, '', 'BEGINNER', 9, 15),
       (65, '', 'ADVANCED', 9, 61),
       (66, '', 'BEGINNER', 9, 39),
       (67, '', 'ADVANCED', 9, 32),
       (68, '', 'ADVANCED', 9, 50),
       (69, '', 'INTERMEDIATE', 9, 42),
       (70, '', 'INTERMEDIATE', 10, 4),
       (71, '', 'PROFESSIONAL', 10, 106),
       (72, '', 'PROFESSIONAL', 10, 94),
       (73, '', 'PROFESSIONAL', 10, 91),
       (74, '', 'ADVANCED', 10, 98),
       (75, '', 'PROFESSIONAL', 10, 78),
       (76, '', 'BEGINNER', 11, 1),
       (77, '', 'PROFESSIONAL', 11, 30),
       (78, '', 'BEGINNER', 11, 33),
       (79, '', 'INTERMEDIATE', 11, 27),
       (80, '', 'MASTER', 11, 26),
       (81, '', 'INTERMEDIATE', 11, 73),
       (82, '', 'PROFESSIONAL', 11, 106),
       (83, '', 'PROFESSIONAL', 11, 70),
       (84, '', 'PROFESSIONAL', 11, 25),
       (85, '', 'PROFESSIONAL', 11, 9),
       (86, '', 'PROFESSIONAL', 12, 79),
       (87, '', 'PROFESSIONAL', 12, 72),
       (88, '', 'PROFESSIONAL', 12, 131),
       (89, '', 'ADVANCED', 12, 84),
       (90, '', 'ADVANCED', 12, 94),
       (91, '', 'ADVANCED', 12, 4),
       (92, '', 'INTERMEDIATE', 12, 107),
       (93, '', 'PROFESSIONAL', 12, 86),
       (94, '', 'ADVANCED', 12, 100),
       (95, '', 'PROFESSIONAL', 12, 71),
       (96, '', 'INTERMEDIATE', 13, 3),
       (97, '', 'PROFESSIONAL', 13, 20),
       (98, '', 'INTERMEDIATE', 13, 57),
       (99, '', 'PROFESSIONAL', 13, 62),
       (100, '', 'BEGINNER', 13, 54),
       (101, '', 'PROFESSIONAL', 13, 73),
       (102, '', 'PROFESSIONAL', 13, 131),
       (103, '', 'PROFESSIONAL', 13, 56),
       (104, '', 'ADVANCED', 13, 69),
       (105, '', 'ADVANCED', 13, 30),
       (106, '', 'INTERMEDIATE', 14, 7),
       (107, '', 'PROFESSIONAL', 14, 1),
       (108, '', 'BEGINNER', 14, 15),
       (109, '', 'BEGINNER', 14, 20),
       (110, '', 'INTERMEDIATE', 14, 50),
       (111, '', 'INTERMEDIATE', 14, 33),
       (112, '', 'PROFESSIONAL', 14, 57),
       (113, '', 'INTERMEDIATE', 14, 131),
       (114, '', 'PROFESSIONAL', 14, 135),
       (115, '', 'PROFESSIONAL', 14, 60),
       (116, '', 'PROFESSIONAL', 15, 2),
       (117, '', 'INTERMEDIATE', 15, 109),
       (118, '', 'ADVANCED', 15, 82),
       (119, '', 'PROFESSIONAL', 15, 20),
       (120, '', 'ADVANCED', 15, 131),
       (121, '', 'INTERMEDIATE', 15, 81),
       (122, '', 'PROFESSIONAL', 15, 91),
       (123, '', 'PROFESSIONAL', 15, 90),
       (124, '', 'PROFESSIONAL', 15, 86),
       (125, '', 'PROFESSIONAL', 15, 101),
       (126, '', 'BEGINNER', 15, 94),
       (127, '', 'PROFESSIONAL', 15, 100),
       (128, '', 'PROFESSIONAL', 16, 71),
       (129, '', 'ADVANCED', 16, 82),
       (130, '', 'INTERMEDIATE', 16, 94),
       (131, '', 'ADVANCED', 16, 84),
       (132, '', 'PROFESSIONAL', 16, 36),
       (133, '', 'BEGINNER', 16, 3),
       (134, '', 'INTERMEDIATE', 16, 8),
       (135, '', 'PROFESSIONAL', 16, 38),
       (136, '', 'MASTER', 16, 32),
       (137, '', 'PROFESSIONAL', 16, 16),
       (138, '', 'ADVANCED', 17, 82),
       (139, '', 'PROFESSIONAL', 17, 78),
       (140, '', 'INTERMEDIATE', 17, 94),
       (141, '', 'MASTER', 17, 84),
       (142, '', 'PROFESSIONAL', 17, 36),
       (143, '', 'ADVANCED', 17, 34),
       (144, '', 'INTERMEDIATE', 17, 16),
       (145, '', 'PROFESSIONAL', 17, 20),
       (146, '', 'ADVANCED', 17, 8),
       (147, '', 'INTERMEDIATE', 17, 38),
       (158, '', 'PROFESSIONAL', 19, 71),
       (159, '', 'ADVANCED', 19, 109),
       (160, '', 'INTERMEDIATE', 19, 8),
       (161, '', 'PROFESSIONAL', 19, 38),
       (162, '', 'MASTER', 19, 36),
       (163, '', 'ADVANCED', 19, 94),
       (164, '', 'INTERMEDIATE', 19, 3),
       (165, '', 'BEGINNER', 19, 32),
       (166, '', 'ADVANCED', 19, 16),
       (167, '', 'PROFESSIONAL', 19, 105),
       (168, '', 'PROFESSIONAL', 20, 75),
       (169, '', 'ADVANCED', 20, 71),
       (170, '', 'INTERMEDIATE', 20, 36),
       (171, '', 'PROFESSIONAL', 20, 16),
       (172, '', 'ADVANCED', 20, 3),
       (173, '', 'MASTER', 20, 84),
       (174, '', 'INTERMEDIATE', 20, 94),
       (175, '', 'BEGINNER', 20, 32),
       (176, '', 'PROFESSIONAL', 20, 86),
       (177, '', 'ADVANCED', 20, 8),
       (178, '', 'PROFESSIONAL', 21, 79),
       (179, '', 'ADVANCED', 21, 26),
       (180, '', 'MASTER', 21, 84),
       (181, '', 'INTERMEDIATE', 21, 105),
       (182, '', 'ADVANCED', 21, 98),
       (183, '', 'PROFESSIONAL', 21, 36),
       (184, '', 'INTERMEDIATE', 21, 86),
       (185, '', 'ADVANCED', 21, 94),
       (186, '', 'BEGINNER', 21, 8),
       (187, '', 'PROFESSIONAL', 21, 90),
       (188, '', 'MASTER', 22, 73),
       (189, '', 'PROFESSIONAL', 22, 98),
       (190, '', 'ADVANCED', 22, 96),
       (191, '', 'INTERMEDIATE', 22, 97),
       (192, '', 'MASTER', 22, 36),
       (193, '', 'ADVANCED', 22, 16),
       (194, '', 'PROFESSIONAL', 22, 38),
       (195, '', 'ADVANCED', 22, 86),
       (196, '', 'INTERMEDIATE', 22, 94),
       (197, '', 'MASTER', 22, 131),
       (198, '', 'MASTER', 23, 84),
       (199, '', 'ADVANCED', 23, 32),
       (200, '', 'PROFESSIONAL', 23, 38),
       (201, '', 'MASTER', 23, 8),
       (202, '', 'ADVANCED', 23, 16),
       (203, '', 'INTERMEDIATE', 23, 79),
       (204, '', 'ADVANCED', 23, 90),
       (205, '', 'MASTER', 23, 71),
       (206, '', 'PROFESSIONAL', 23, 78),
       (207, '', 'ADVANCED', 23, 131),
       (208, '', 'ADVANCED', 24, 105),
       (209, '', 'MASTER', 24, 36),
       (210, '', 'PROFESSIONAL', 24, 16),
       (211, '', 'INTERMEDIATE', 24, 32),
       (212, '', 'ADVANCED', 24, 3),
       (213, '', 'MASTER', 24, 42),
       (214, '', 'PROFESSIONAL', 24, 30),
       (215, '', 'ADVANCED', 24, 7),
       (216, '', 'INTERMEDIATE', 24, 15),
       (217, '', 'PROFESSIONAL', 24, 9),
       (218, '', 'MASTER', 25, 83),
       (219, '', 'MASTER', 25, 36),
       (220, '', 'ADVANCED', 25, 84),
       (221, '', 'PROFESSIONAL', 25, 85),
       (222, '', 'ADVANCED', 25, 38),
       (223, '', 'INTERMEDIATE', 25, 86),
       (224, '', 'MASTER', 25, 94),
       (225, '', 'ADVANCED', 25, 73),
       (226, '', 'PROFESSIONAL', 25, 98),
       (227, '', 'MASTER', 25, 131),
       (228, '', 'MASTER', 26, 83),
       (229, '', 'PROFESSIONAL', 26, 85),
       (230, '', 'ADVANCED', 26, 84),
       (231, '', 'INTERMEDIATE', 26, 36),
       (232, '', 'MASTER', 26, 32),
       (233, '', 'PROFESSIONAL', 26, 38),
       (234, '', 'INTERMEDIATE', 26, 86),
       (235, '', 'ADVANCED', 26, 73),
       (236, '', 'ADVANCED', 26, 94),
       (237, '', 'MASTER', 26, 131),
       (238, '', 'MASTER', 27, 6),
       (239, '', 'PROFESSIONAL', 27, 7),
       (240, '', 'ADVANCED', 27, 9),
       (241, '', 'INTERMEDIATE', 27, 8),
       (242, '', 'MASTER', 27, 105),
       (243, '', 'ADVANCED', 27, 38),
       (244, '', 'PROFESSIONAL', 27, 94),
       (245, '', 'ADVANCED', 27, 73),
       (246, '', 'MASTER', 27, 16),
       (247, '', 'PROFESSIONAL', 27, 36),
       (248, '', 'MASTER', 28, 86),
       (249, '', 'ADVANCED', 28, 94),
       (250, '', 'MASTER', 28, 36),
       (251, '', 'PROFESSIONAL', 28, 83),
       (252, '', 'INTERMEDIATE', 28, 38),
       (253, '', 'ADVANCED', 28, 73),
       (254, '', 'PROFESSIONAL', 28, 16),
       (255, '', 'ADVANCED', 28, 131),
       (256, '', 'PROFESSIONAL', 28, 32),
       (257, '', 'MASTER', 28, 7),
       (258, '', 'MASTER', 29, 79),
       (259, '', 'ADVANCED', 29, 102),
       (260, '', 'PROFESSIONAL', 29, 73),
       (261, '', 'MASTER', 29, 84),
       (262, '', 'ADVANCED', 29, 85),
       (263, '', 'PROFESSIONAL', 29, 16),
       (264, '', 'ADVANCED', 29, 105),
       (265, '', 'PROFESSIONAL', 29, 90),
       (266, '', 'MASTER', 29, 6),
       (267, '', 'ADVANCED', 29, 7),
       (268, '', 'MASTER', 30, 12),
       (269, '', 'ADVANCED', 30, 16),
       (270, '', 'PROFESSIONAL', 30, 36),
       (271, '', 'INTERMEDIATE', 30, 84),
       (272, '', 'MASTER', 30, 85),
       (273, '', 'PROFESSIONAL', 30, 38),
       (274, '', 'ADVANCED', 30, 86),
       (275, '', 'MASTER', 30, 94),
       (276, '', 'ADVANCED', 30, 73),
       (277, '', 'MASTER', 30, 131),
       (278, '', 'MASTER', 31, 79),
       (279, '', 'PROFESSIONAL', 31, 71),
       (280, '', 'ADVANCED', 31, 36),
       (281, '', 'INTERMEDIATE', 31, 38),
       (282, '', 'MASTER', 31, 84),
       (283, '', 'ADVANCED', 31, 86),
       (284, '', 'PROFESSIONAL', 31, 94),
       (285, '', 'ADVANCED', 31, 105),
       (286, '', 'PROFESSIONAL', 31, 8),
       (287, '', 'ADVANCED', 31, 73),
       (288, '', 'ADVANCED', 32, 3),
       (289, '', 'PROFESSIONAL', 32, 9),
       (290, '', 'MASTER', 32, 15),
       (291, '', 'PROFESSIONAL', 32, 7),
       (292, '', 'ADVANCED', 32, 23),
       (293, '', 'MASTER', 32, 131),
       (294, '', 'INTERMEDIATE', 32, 73),
       (295, '', 'PROFESSIONAL', 32, 16),
       (296, '', 'ADVANCED', 32, 36),
       (297, '', 'PROFESSIONAL', 32, 42),
       (298, '', 'MASTER', 33, 73),
       (299, '', 'PROFESSIONAL', 33, 16),
       (300, '', 'ADVANCED', 33, 36),
       (301, '', 'MASTER', 33, 98),
       (302, '', 'PROFESSIONAL', 33, 96),
       (303, '', 'ADVANCED', 33, 97),
       (304, '', 'INTERMEDIATE', 33, 38),
       (305, '', 'MASTER', 33, 86),
       (306, '', 'PROFESSIONAL', 33, 94),
       (307, '', 'MASTER', 33, 131),
       (308, '', 'MASTER', 34, 11),
       (309, '', 'PROFESSIONAL', 34, 15),
       (310, '', 'ADVANCED', 34, 7),
       (311, '', 'INTERMEDIATE', 34, 42),
       (312, '', 'MASTER', 34, 21),
       (313, '', 'PROFESSIONAL', 34, 19),
       (314, '', 'ADVANCED', 34, 5),
       (315, '', 'PROFESSIONAL', 34, 9),
       (316, '', 'ADVANCED', 34, 3),
       (317, '', 'MASTER', 34, 131),
       (318, '', 'MASTER', 35, 83),
       (319, '', 'MASTER', 35, 36),
       (320, '', 'ADVANCED', 35, 85),
       (321, '', 'PROFESSIONAL', 35, 84),
       (322, '', 'ADVANCED', 35, 86),
       (323, '', 'MASTER', 35, 94),
       (324, '', 'ADVANCED', 35, 38),
       (325, '', 'PROFESSIONAL', 35, 16),
       (326, '', 'INTERMEDIATE', 35, 73),
       (327, '', 'MASTER', 35, 131),
       (328, '', 'MASTER', 36, 15),
       (329, '', 'PROFESSIONAL', 36, 30),
       (330, '', 'ADVANCED', 36, 42),
       (331, '', 'MASTER', 36, 21),
       (332, '', 'ADVANCED', 36, 9),
       (333, '', 'PROFESSIONAL', 36, 7),
       (334, '', 'MASTER', 36, 131),
       (335, '', 'ADVANCED', 36, 3),
       (336, '', 'PROFESSIONAL', 36, 11),
       (337, '', 'ADVANCED', 36, 16),
       (338, '', 'MASTER', 37, 79),
       (339, '', 'ADVANCED', 37, 102),
       (340, '', 'PROFESSIONAL', 37, 73),
       (341, '', 'MASTER', 37, 84),
       (342, '', 'ADVANCED', 37, 85),
       (343, '', 'PROFESSIONAL', 37, 16),
       (344, '', 'ADVANCED', 37, 105),
       (345, '', 'PROFESSIONAL', 37, 90),
       (346, '', 'MASTER', 37, 6),
       (347, '', 'ADVANCED', 37, 7),
       (348, '', 'MASTER', 38, 11),
       (349, '', 'ADVANCED', 38, 15),
       (350, '', 'PROFESSIONAL', 38, 30),
       (351, '', 'ADVANCED', 38, 7),
       (352, '', 'MASTER', 38, 42),
       (353, '', 'PROFESSIONAL', 38, 21),
       (354, '', 'ADVANCED', 38, 19),
       (355, '', 'PROFESSIONAL', 38, 9),
       (356, '', 'ADVANCED', 38, 3),
       (357, '', 'MASTER', 38, 131),
       (358, '', 'ADVANCED', 39, 19),
       (359, '', 'PROFESSIONAL', 39, 7),
       (360, '', 'MASTER', 39, 9),
       (361, '', 'ADVANCED', 39, 5),
       (362, '', 'PROFESSIONAL', 39, 23),
       (363, '', 'ADVANCED', 39, 42),
       (364, '', 'MASTER', 39, 131),
       (365, '', 'PROFESSIONAL', 39, 3),
       (366, '', 'ADVANCED', 39, 73),
       (367, '', 'PROFESSIONAL', 39, 16),
       (368, '', 'MASTER', 40, 3),
       (369, '', 'PROFESSIONAL', 40, 7),
       (370, '', 'ADVANCED', 40, 15),
       (371, '', 'MASTER', 40, 42),
       (372, '', 'PROFESSIONAL', 40, 21),
       (373, '', 'ADVANCED', 40, 23),
       (374, '', 'MASTER', 40, 19),
       (375, '', 'PROFESSIONAL', 40, 9),
       (376, '', 'ADVANCED', 40, 131),
       (377, '', 'MASTER', 40, 30),
       (378, '', 'MASTER', 41, 83),
       (379, '', 'PROFESSIONAL', 41, 84),
       (380, '', 'ADVANCED', 41, 85),
       (381, '', 'INTERMEDIATE', 41, 36),
       (382, '', 'MASTER', 41, 32),
       (383, '', 'PROFESSIONAL', 41, 38),
       (384, '', 'ADVANCED', 41, 16),
       (385, '', 'MASTER', 41, 73),
       (386, '', 'ADVANCED', 41, 86),
       (387, '', 'MASTER', 41, 131),
       (388, '', 'MASTER', 42, 73),
       (389, '', 'PROFESSIONAL', 42, 86),
       (390, '', 'ADVANCED', 42, 94),
       (391, '', 'MASTER', 42, 36),
       (392, '', 'PROFESSIONAL', 42, 38),
       (393, '', 'ADVANCED', 42, 16),
       (394, '', 'INTERMEDIATE', 42, 84),
       (395, '', 'MASTER', 42, 85),
       (396, '', 'ADVANCED', 42, 9),
       (397, '', 'PROFESSIONAL', 42, 131),
       (398, '', 'MASTER', 43, 83),
       (399, '', 'PROFESSIONAL', 43, 36),
       (400, '', 'ADVANCED', 43, 85),
       (401, '', 'MASTER', 43, 84),
       (402, '', 'ADVANCED', 43, 73),
       (403, '', 'INTERMEDIATE', 43, 86),
       (404, '', 'ADVANCED', 43, 94),
       (405, '', 'MASTER', 43, 16),
       (406, '', 'PROFESSIONAL', 43, 38),
       (407, '', 'MASTER', 43, 131),
       (408, '', 'MASTER', 44, 73),
       (409, '', 'ADVANCED', 44, 98),
       (410, '', 'PROFESSIONAL', 44, 96),
       (411, '', 'MASTER', 44, 97),
       (412, '', 'ADVANCED', 44, 16),
       (413, '', 'MASTER', 44, 36),
       (414, '', 'ADVANCED', 44, 94),
       (415, '', 'PROFESSIONAL', 44, 86),
       (416, '', 'MASTER', 44, 38),
       (417, '', 'MASTER', 44, 131),
       (418, '', 'MASTER', 45, 75),
       (419, '', 'ADVANCED', 45, 71),
       (420, '', 'PROFESSIONAL', 45, 73),
       (421, '', 'MASTER', 45, 38),
       (422, '', 'ADVANCED', 45, 36),
       (423, '', 'INTERMEDIATE', 45, 84),
       (424, '', 'MASTER', 45, 85),
       (425, '', 'ADVANCED', 45, 86),
       (426, '', 'PROFESSIONAL', 45, 94),
       (427, '', 'MASTER', 45, 131),
       (428, '', 'MASTER', 51, 83),
       (429, '', 'MASTER', 51, 36),
       (430, '', 'ADVANCED', 51, 85),
       (431, '', 'MASTER', 51, 84),
       (432, '', 'ADVANCED', 51, 86),
       (433, '', 'MASTER', 51, 94),
       (434, '', 'ADVANCED', 51, 38),
       (435, '', 'MASTER', 51, 16),
       (436, '', 'ADVANCED', 51, 73),
       (437, '', 'MASTER', 51, 131),
       (438, '', 'MASTER', 52, 6),
       (439, '', 'PROFESSIONAL', 52, 7),
       (440, '', 'ADVANCED', 52, 9),
       (441, '', 'INTERMEDIATE', 52, 8),
       (442, '', 'MASTER', 52, 105),
       (443, '', 'ADVANCED', 52, 38),
       (444, '', 'PROFESSIONAL', 52, 94),
       (445, '', 'ADVANCED', 52, 73),
       (446, '', 'MASTER', 52, 16),
       (447, '', 'PROFESSIONAL', 52, 36),
       (448, '', 'MASTER', 53, 83),
       (449, '', 'PROFESSIONAL', 53, 36),
       (450, '', 'ADVANCED', 53, 38),
       (451, '', 'MASTER', 53, 94),
       (452, '', 'PROFESSIONAL', 53, 86),
       (453, '', 'ADVANCED', 53, 73),
       (454, '', 'MASTER', 53, 105),
       (455, '', 'PROFESSIONAL', 53, 16),
       (456, '', 'ADVANCED', 53, 7),
       (457, '', 'MASTER', 53, 131),
       (488, '', 'MASTER', 71, 26),
       (489, '', 'PROFESSIONAL', 71, 12),
       (490, '', 'ADVANCED', 71, 9),
       (491, '', 'PROFESSIONAL', 71, 7),
       (492, '', 'ADVANCED', 71, 16),
       (493, '', 'PROFESSIONAL', 71, 38),
       (494, '', 'ADVANCED', 71, 73),
       (495, '', 'MASTER', 71, 131),
       (496, '', 'ADVANCED', 71, 36),
       (497, '', 'PROFESSIONAL', 71, 97),
       (498, '', 'MASTER', 72, 71),
       (499, '', 'PROFESSIONAL', 72, 82),
       (500, '', 'ADVANCED', 72, 36),
       (501, '', 'MASTER', 72, 84),
       (502, '', 'PROFESSIONAL', 72, 85),
       (503, '', 'ADVANCED', 72, 86),
       (504, '', 'PROFESSIONAL', 72, 94),
       (505, '', 'ADVANCED', 72, 38),
       (506, '', 'MASTER', 72, 16),
       (507, '', 'ADVANCED', 72, 131),
       (518, '', 'MASTER', 81, 71),
       (519, '', 'PROFESSIONAL', 81, 109),
       (520, '', 'ADVANCED', 81, 90),
       (521, '', 'MASTER', 81, 6),
       (522, '', 'ADVANCED', 81, 38),
       (523, '', 'MASTER', 81, 131),
       (524, '', 'ADVANCED', 81, 16),
       (525, '', 'PROFESSIONAL', 81, 36),
       (526, '', 'MASTER', 81, 94),
       (527, '', 'ADVANCED', 81, 86),
       (528, '', 'MASTER', 82, 86),
       (529, '', 'PROFESSIONAL', 82, 94),
       (530, '', 'ADVANCED', 82, 38),
       (531, '', 'MASTER', 82, 36),
       (532, '', 'ADVANCED', 82, 90),
       (533, '', 'PROFESSIONAL', 82, 79),
       (534, '', 'MASTER', 82, 73),
       (535, '', 'ADVANCED', 82, 84),
       (536, '', 'PROFESSIONAL', 82, 85),
       (537, '', 'MASTER', 82, 131),
       (558, '', 'MASTER', 91, 88),
       (559, '', 'PROFESSIONAL', 91, 97),
       (560, '', 'ADVANCED', 91, 96),
       (561, '', 'MASTER', 91, 16),
       (562, '', 'PROFESSIONAL', 91, 36),
       (563, '', 'MASTER', 92, 73),
       (564, '', 'PROFESSIONAL', 92, 108),
       (565, '', 'ADVANCED', 92, 16),
       (566, '', 'MASTER', 92, 36),
       (567, '', 'ADVANCED', 92, 94),
       (568, '', 'MASTER', 93, 12),
       (569, '', 'PROFESSIONAL', 93, 107),
       (570, '', 'ADVANCED', 93, 10),
       (571, '', 'PROFESSIONAL', 93, 83),
       (572, '', 'MASTER', 93, 36),
       (573, '', 'MASTER', 94, 6),
       (574, '', 'PROFESSIONAL', 94, 7),
       (575, '', 'ADVANCED', 94, 9),
       (576, '', 'PROFESSIONAL', 94, 38),
       (577, '', 'MASTER', 94, 131),
       (578, '', 'PROFESSIONAL', 95, 71),
       (579, '', 'PROFESSIONAL', 95, 82),
       (580, '', 'ADVANCED', 95, 36),
       (581, '', 'MASTER', 95, 84),
       (582, '', 'PROFESSIONAL', 95, 85),
       (583, '', 'MASTER', 96, 86),
       (584, '', 'PROFESSIONAL', 96, 94),
       (585, '', 'ADVANCED', 96, 38),
       (586, '', 'MASTER', 96, 36),
       (587, '', 'ADVANCED', 96, 73),
       (588, '', 'PROFESSIONAL', 97, 19),
       (589, '', 'PROFESSIONAL', 97, 7),
       (590, '', 'MASTER', 97, 23),
       (591, '', 'ADVANCED', 97, 42),
       (592, '', 'PROFESSIONAL', 97, 131),
       (593, '', 'MASTER', 98, 15),
       (594, '', 'PROFESSIONAL', 98, 30),
       (595, '', 'ADVANCED', 98, 42),
       (596, '', 'MASTER', 98, 21),
       (597, '', 'ADVANCED', 98, 9),
       (598, '', 'MASTER', 99, 83),
       (599, '', 'PROFESSIONAL', 99, 36),
       (600, '', 'ADVANCED', 99, 85),
       (601, '', 'MASTER', 99, 84),
       (602, '', 'PROFESSIONAL', 99, 73),
       (603, '', 'MASTER', 100, 16),
       (604, '', 'PROFESSIONAL', 100, 21),
       (605, '', 'ADVANCED', 100, 38),
       (606, '', 'MASTER', 100, 36),
       (607, '', 'PROFESSIONAL', 100, 131),
       (608, '', 'PROFESSIONAL', 101, 71),
       (609, '', 'PROFESSIONAL', 101, 82),
       (610, '', 'ADVANCED', 101, 36),
       (611, '', 'MASTER', 101, 84),
       (612, '', 'PROFESSIONAL', 101, 16),
       (613, '', 'MASTER', 102, 73),
       (614, '', 'PROFESSIONAL', 102, 86),
       (615, '', 'ADVANCED', 102, 38),
       (616, '', 'MASTER', 102, 36),
       (617, '', 'PROFESSIONAL', 102, 16),
       (618, '', 'MASTER', 103, 12),
       (619, '', 'PROFESSIONAL', 103, 107),
       (620, '', 'ADVANCED', 103, 10),
       (621, '', 'PROFESSIONAL', 103, 83),
       (622, '', 'MASTER', 103, 36),
       (623, '', 'MASTER', 104, 6),
       (624, '', 'PROFESSIONAL', 104, 7),
       (625, '', 'ADVANCED', 104, 9),
       (626, '', 'PROFESSIONAL', 104, 38),
       (627, '', 'MASTER', 104, 131),
       (628, '', 'PROFESSIONAL', 105, 71),
       (629, '', 'PROFESSIONAL', 105, 82),
       (630, '', 'ADVANCED', 105, 36),
       (631, '', 'MASTER', 105, 84),
       (632, '', 'PROFESSIONAL', 105, 85),
       (633, '', 'MASTER', 106, 86),
       (634, '', 'PROFESSIONAL', 106, 94),
       (635, '', 'ADVANCED', 106, 38),
       (636, '', 'MASTER', 106, 36),
       (637, '', 'ADVANCED', 106, 73),
       (638, '', 'PROFESSIONAL', 107, 19),
       (639, '', 'PROFESSIONAL', 107, 7),
       (640, '', 'MASTER', 107, 23),
       (641, '', 'ADVANCED', 107, 42),
       (642, '', 'PROFESSIONAL', 107, 131),
       (643, '', 'MASTER', 108, 15),
       (644, '', 'PROFESSIONAL', 108, 30),
       (645, '', 'ADVANCED', 108, 42),
       (646, '', 'MASTER', 108, 21),
       (647, '', 'ADVANCED', 108, 9),
       (648, '', 'MASTER', 109, 83),
       (649, '', 'PROFESSIONAL', 109, 36),
       (650, '', 'ADVANCED', 109, 85),
       (651, '', 'MASTER', 109, 84),
       (652, '', 'PROFESSIONAL', 109, 73),
       (653, '', 'MASTER', 110, 16),
       (654, '', 'PROFESSIONAL', 110, 21),
       (655, '', 'ADVANCED', 110, 38),
       (656, '', 'MASTER', 110, 36),
       (657, '', 'PROFESSIONAL', 110, 131);

/*!40103 SET TIME_ZONE = IFNULL(@OLD_TIME_ZONE, 'system') */;
/*!40101 SET SQL_MODE = IFNULL(@OLD_SQL_MODE, '') */;
/*!40014 SET FOREIGN_KEY_CHECKS = IFNULL(@OLD_FOREIGN_KEY_CHECKS, 1) */;
/*!40101 SET CHARACTER_SET_CLIENT = @OLD_CHARACTER_SET_CLIENT */;
/*!40111 SET SQL_NOTES = IFNULL(@OLD_SQL_NOTES, 1) */;
